id,label,label_desc
0,37,Shoulder Press (dumbbell)
1,26,Non-Exercise
2,3,Biceps Curl (band)
3,26,Non-Exercise
4,26,Non-Exercise
5,26,Non-Exercise
6,26,Non-Exercise
7,26,Non-Exercise
8,26,Non-Exercise
9,26,Non-Exercise
10,26,Non-Exercise
11,26,Non-Exercise
12,39,Side Plank Right side
13,28,Plank
14,26,Non-Exercise
15,26,Non-Exercise
16,26,Non-Exercise
17,26,Non-Exercise
18,26,Non-Exercise
19,26,Non-Exercise
20,6,Chest Press (rack)
21,60,Wall Squat
22,35,Russian Twist
23,34,Running (treadmill)
24,30,Pushup (knee or foot variation)
25,26,Non-Exercise
26,59,Wall Ball
27,26,Non-Exercise
28,26,Non-Exercise
29,15,Dynamic Stretch (at your own pace)
30,40,Sit-up (hands positioned behind head)
31,6,Chest Press (rack)
32,26,Non-Exercise
33,50,Tap Right Device
34,26,Non-Exercise
35,26,Non-Exercise
36,26,Non-Exercise
37,26,Non-Exercise
38,26,Non-Exercise
39,30,Pushup (knee or foot variation)
40,48,Static Stretch (at your own pace)
41,8,Device on Table
42,26,Non-Exercise
43,26,Non-Exercise
44,26,Non-Exercise
45,54,Triceps extension (lying down)
46,16,Elliptical machine
47,4,Burpee
48,58,Walking lunge
49,21,Lateral Raise
50,18,Jump Rope
51,26,Non-Exercise
52,51,Triceps Kickback (knee on bench) (label spans both arms)
53,18,Jump Rope
54,25,Medicine Ball Slam
55,28,Plank
56,24,"Lunge (alternating both legs, weight optional)"
57,28,Plank
58,26,Non-Exercise
59,26,Non-Exercise
60,17,Fast Alternating Punches
61,39,Side Plank Right side
62,26,Non-Exercise
63,49,Static stretch
64,37,Shoulder Press (dumbbell)
65,47,Squat Rack Shoulder Press
66,26,Non-Exercise
67,28,Plank
68,26,Non-Exercise
69,25,Medicine Ball Slam
70,26,Non-Exercise
71,54,Triceps extension (lying down)
72,27,Overhead Triceps Extension
73,36,Seated Back Fly
74,26,Non-Exercise
75,27,Overhead Triceps Extension
76,2,Bicep Curl
77,3,Biceps Curl (band)
78,47,Squat Rack Shoulder Press
79,38,Side Plank Left side
80,26,Non-Exercise
81,48,Static Stretch (at your own pace)
82,49,Static stretch
83,49,Static stretch
84,14,Dumbbell Squat (hands at side)
85,8,Device on Table
86,26,Non-Exercise
87,26,Non-Exercise
88,8,Device on Table
89,26,Non-Exercise
90,26,Non-Exercise
91,26,Non-Exercise
92,26,Non-Exercise
93,60,Wall Squat
94,21,Lateral Raise
95,10,Dumbbell Deadlift Row
96,26,Non-Exercise
97,26,Non-Exercise
98,26,Non-Exercise
99,26,Non-Exercise
100,26,Non-Exercise
101,15,Dynamic Stretch (at your own pace)
102,36,Seated Back Fly
103,55,"Two-arm Dumbbell Curl (both arms, not alternating)"
104,26,Non-Exercise
105,26,Non-Exercise
106,40,Sit-up (hands positioned behind head)
107,26,Non-Exercise
108,26,Non-Exercise
109,26,Non-Exercise
110,26,Non-Exercise
111,26,Non-Exercise
112,36,Seated Back Fly
113,57,Walk
114,26,Non-Exercise
115,26,Non-Exercise
116,50,Tap Right Device
117,55,"Two-arm Dumbbell Curl (both arms, not alternating)"
118,0,Arm Band Adjustment
119,2,Bicep Curl
120,26,Non-Exercise
121,1,Band Pull-Down Row
122,49,Static stretch
123,46,Squat Jump
124,43,"Squat (arms in front of body, parallel to ground)"
125,26,Non-Exercise
126,51,Triceps Kickback (knee on bench) (label spans both arms)
127,28,Plank
128,26,Non-Exercise
129,17,Fast Alternating Punches
130,26,Non-Exercise
131,52,Triceps Kickback (knee on bench) (left arm)
132,26,Non-Exercise
133,53,Triceps Kickback (knee on bench) (right arm)
134,26,Non-Exercise
135,26,Non-Exercise
136,26,Non-Exercise
137,26,Non-Exercise
138,5,Butterfly Sit-up
139,26,Non-Exercise
140,50,Tap Right Device
141,0,Arm Band Adjustment
142,26,Non-Exercise
143,26,Non-Exercise
144,26,Non-Exercise
145,35,Russian Twist
146,26,Non-Exercise
147,26,Non-Exercise
148,54,Triceps extension (lying down)
149,26,Non-Exercise
150,25,Medicine Ball Slam
151,26,Non-Exercise
152,26,Non-Exercise
153,26,Non-Exercise
154,56,V-up
155,26,Non-Exercise
156,26,Non-Exercise
157,55,"Two-arm Dumbbell Curl (both arms, not alternating)"
158,26,Non-Exercise
159,8,Device on Table
160,26,Non-Exercise
161,3,Biceps Curl (band)
162,27,Overhead Triceps Extension
163,23,Lawnmower (right arm)
164,44,Squat (hands behind head)
165,42,Squat
166,26,Non-Exercise
167,26,Non-Exercise
168,26,Non-Exercise
169,26,Non-Exercise
170,19,Jumping Jacks
171,26,Non-Exercise
172,56,V-up
173,56,V-up
174,53,Triceps Kickback (knee on bench) (right arm)
175,26,Non-Exercise
176,26,Non-Exercise
177,26,Non-Exercise
178,26,Non-Exercise
179,26,Non-Exercise
180,50,Tap Right Device
181,0,Arm Band Adjustment
182,32,Repetitive Stretching
183,26,Non-Exercise
184,30,Pushup (knee or foot variation)
185,30,Pushup (knee or foot variation)
186,26,Non-Exercise
187,26,Non-Exercise
188,26,Non-Exercise
189,49,Static stretch
190,21,Lateral Raise
191,8,Device on Table
192,26,Non-Exercise
193,45,Squat (kettlebell / goblet)
194,26,Non-Exercise
195,26,Non-Exercise
196,26,Non-Exercise
197,26,Non-Exercise
198,26,Non-Exercise
199,56,V-up
200,24,"Lunge (alternating both legs, weight optional)"
201,49,Static stretch
202,26,Non-Exercise
203,28,Plank
204,26,Non-Exercise
205,26,Non-Exercise
206,26,Non-Exercise
207,17,Fast Alternating Punches
208,54,Triceps extension (lying down)
209,26,Non-Exercise
210,26,Non-Exercise
211,26,Non-Exercise
212,60,Wall Squat
213,26,Non-Exercise
214,29,Power Boat pose
215,36,Seated Back Fly
216,26,Non-Exercise
217,26,Non-Exercise
218,24,"Lunge (alternating both legs, weight optional)"
219,26,Non-Exercise
220,4,Burpee
221,30,Pushup (knee or foot variation)
222,51,Triceps Kickback (knee on bench) (label spans both arms)
223,16,Elliptical machine
224,18,Jump Rope
225,26,Non-Exercise
226,5,Butterfly Sit-up
227,26,Non-Exercise
228,24,"Lunge (alternating both legs, weight optional)"
229,14,Dumbbell Squat (hands at side)
230,26,Non-Exercise
231,26,Non-Exercise
232,40,Sit-up (hands positioned behind head)
233,26,Non-Exercise
234,31,Pushups
235,55,"Two-arm Dumbbell Curl (both arms, not alternating)"
236,26,Non-Exercise
237,11,Dumbbell Row (knee on bench) (label spans both arms)
238,26,Non-Exercise
239,40,Sit-up (hands positioned behind head)
240,43,"Squat (arms in front of body, parallel to ground)"
241,26,Non-Exercise
242,27,Overhead Triceps Extension
243,11,Dumbbell Row (knee on bench) (label spans both arms)
244,26,Non-Exercise
245,59,Wall Ball
246,26,Non-Exercise
247,26,Non-Exercise
248,50,Tap Right Device
249,26,Non-Exercise
250,26,Non-Exercise
251,26,Non-Exercise
252,26,Non-Exercise
253,26,Non-Exercise
254,7,Crunch
255,26,Non-Exercise
256,1,Band Pull-Down Row
257,36,Seated Back Fly
258,26,Non-Exercise
259,27,Overhead Triceps Extension
260,50,Tap Right Device
261,26,Non-Exercise
262,26,Non-Exercise
263,26,Non-Exercise
264,35,Russian Twist
265,26,Non-Exercise
266,26,Non-Exercise
267,26,Non-Exercise
268,26,Non-Exercise
269,26,Non-Exercise
270,26,Non-Exercise
271,52,Triceps Kickback (knee on bench) (left arm)
272,26,Non-Exercise
273,31,Pushups
274,26,Non-Exercise
275,34,Running (treadmill)
276,8,Device on Table
277,32,Repetitive Stretching
278,26,Non-Exercise
279,57,Walk
280,26,Non-Exercise
281,41,Sit-ups
282,26,Non-Exercise
283,12,Dumbbell Row (knee on bench) (left arm)
284,26,Non-Exercise
285,26,Non-Exercise
286,19,Jumping Jacks
287,58,Walking lunge
288,56,V-up
289,26,Non-Exercise
290,46,Squat Jump
291,56,V-up
292,26,Non-Exercise
293,40,Sit-up (hands positioned behind head)
294,8,Device on Table
295,26,Non-Exercise
296,26,Non-Exercise
297,43,"Squat (arms in front of body, parallel to ground)"
298,37,Shoulder Press (dumbbell)
299,37,Shoulder Press (dumbbell)
300,26,Non-Exercise
301,9,Dip
302,37,Shoulder Press (dumbbell)
303,26,Non-Exercise
304,52,Triceps Kickback (knee on bench) (left arm)
305,8,Device on Table
306,44,Squat (hands behind head)
307,55,"Two-arm Dumbbell Curl (both arms, not alternating)"
308,58,Walking lunge
309,26,Non-Exercise
310,9,Dip
311,3,Biceps Curl (band)
312,14,Dumbbell Squat (hands at side)
313,10,Dumbbell Deadlift Row
314,26,Non-Exercise
315,26,Non-Exercise
316,26,Non-Exercise
317,35,Russian Twist
318,21,Lateral Raise
319,26,Non-Exercise
320,38,Side Plank Left side
321,26,Non-Exercise
322,26,Non-Exercise
323,26,Non-Exercise
324,26,Non-Exercise
325,37,Shoulder Press (dumbbell)
326,50,Tap Right Device
327,26,Non-Exercise
328,26,Non-Exercise
329,26,Non-Exercise
330,26,Non-Exercise
331,25,Medicine Ball Slam
332,5,Butterfly Sit-up
333,39,Side Plank Right side
334,8,Device on Table
335,26,Non-Exercise
336,26,Non-Exercise
337,26,Non-Exercise
338,26,Non-Exercise
339,39,Side Plank Right side
340,26,Non-Exercise
341,18,Jump Rope
342,26,Non-Exercise
343,26,Non-Exercise
344,5,Butterfly Sit-up
345,18,Jump Rope
346,32,Repetitive Stretching
347,26,Non-Exercise
348,24,"Lunge (alternating both legs, weight optional)"
349,31,Pushups
350,26,Non-Exercise
351,11,Dumbbell Row (knee on bench) (label spans both arms)
352,26,Non-Exercise
353,3,Biceps Curl (band)
354,25,Medicine Ball Slam
355,30,Pushup (knee or foot variation)
356,39,Side Plank Right side
357,18,Jump Rope
358,26,Non-Exercise
359,9,Dip
360,26,Non-Exercise
361,26,Non-Exercise
362,1,Band Pull-Down Row
363,54,Triceps extension (lying down)
364,26,Non-Exercise
365,42,Squat
366,26,Non-Exercise
367,17,Fast Alternating Punches
368,26,Non-Exercise
369,28,Plank
370,5,Butterfly Sit-up
371,26,Non-Exercise
372,26,Non-Exercise
373,41,Sit-ups
374,42,Squat
375,18,Jump Rope
376,60,Wall Squat
377,26,Non-Exercise
378,26,Non-Exercise
379,38,Side Plank Left side
380,26,Non-Exercise
381,24,"Lunge (alternating both legs, weight optional)"
382,24,"Lunge (alternating both legs, weight optional)"
383,26,Non-Exercise
384,28,Plank
385,26,Non-Exercise
386,48,Static Stretch (at your own pace)
387,26,Non-Exercise
388,54,Triceps extension (lying down)
389,27,Overhead Triceps Extension
390,26,Non-Exercise
391,43,"Squat (arms in front of body, parallel to ground)"
392,26,Non-Exercise
393,26,Non-Exercise
394,26,Non-Exercise
395,26,Non-Exercise
396,28,Plank
397,15,Dynamic Stretch (at your own pace)
398,26,Non-Exercise
399,26,Non-Exercise
400,8,Device on Table
401,26,Non-Exercise
402,26,Non-Exercise
403,26,Non-Exercise
404,43,"Squat (arms in front of body, parallel to ground)"
405,51,Triceps Kickback (knee on bench) (label spans both arms)
406,26,Non-Exercise
407,26,Non-Exercise
408,10,Dumbbell Deadlift Row
409,26,Non-Exercise
410,26,Non-Exercise
411,26,Non-Exercise
412,26,Non-Exercise
413,26,Non-Exercise
414,8,Device on Table
415,28,Plank
416,25,Medicine Ball Slam
417,26,Non-Exercise
418,26,Non-Exercise
419,57,Walk
420,26,Non-Exercise
421,57,Walk
422,26,Non-Exercise
423,26,Non-Exercise
424,6,Chest Press (rack)
425,27,Overhead Triceps Extension
426,26,Non-Exercise
427,26,Non-Exercise
428,26,Non-Exercise
429,26,Non-Exercise
430,26,Non-Exercise
431,49,Static stretch
432,46,Squat Jump
433,26,Non-Exercise
434,26,Non-Exercise
435,20,Kettlebell Swing
436,32,Repetitive Stretching
437,26,Non-Exercise
438,56,V-up
439,29,Power Boat pose
440,42,Squat
441,36,Seated Back Fly
442,30,Pushup (knee or foot variation)
443,26,Non-Exercise
444,26,Non-Exercise
445,11,Dumbbell Row (knee on bench) (label spans both arms)
446,26,Non-Exercise
447,13,Dumbbell Row (knee on bench) (right arm)
448,26,Non-Exercise
449,26,Non-Exercise
450,37,Shoulder Press (dumbbell)
451,3,Biceps Curl (band)
452,26,Non-Exercise
453,8,Device on Table
454,26,Non-Exercise
455,22,Lawnmower (left arm)
456,26,Non-Exercise
457,9,Dip
458,26,Non-Exercise
459,30,Pushup (knee or foot variation)
460,26,Non-Exercise
461,26,Non-Exercise
462,9,Dip
463,37,Shoulder Press (dumbbell)
464,26,Non-Exercise
465,10,Dumbbell Deadlift Row
466,26,Non-Exercise
467,26,Non-Exercise
468,25,Medicine Ball Slam
469,51,Triceps Kickback (knee on bench) (label spans both arms)
470,20,Kettlebell Swing
471,26,Non-Exercise
472,26,Non-Exercise
473,54,Triceps extension (lying down)
474,26,Non-Exercise
475,6,Chest Press (rack)
476,47,Squat Rack Shoulder Press
477,19,Jumping Jacks
478,26,Non-Exercise
479,14,Dumbbell Squat (hands at side)
480,26,Non-Exercise
481,26,Non-Exercise
482,17,Fast Alternating Punches
483,26,Non-Exercise
484,36,Seated Back Fly
485,25,Medicine Ball Slam
486,26,Non-Exercise
487,26,Non-Exercise
488,26,Non-Exercise
489,3,Biceps Curl (band)
490,56,V-up
491,26,Non-Exercise
492,5,Butterfly Sit-up
493,23,Lawnmower (right arm)
494,36,Seated Back Fly
495,26,Non-Exercise
496,35,Russian Twist
497,10,Dumbbell Deadlift Row
498,26,Non-Exercise
499,17,Fast Alternating Punches
500,26,Non-Exercise
501,26,Non-Exercise
502,60,Wall Squat
503,26,Non-Exercise
504,26,Non-Exercise
505,26,Non-Exercise
506,8,Device on Table
507,23,Lawnmower (right arm)
508,26,Non-Exercise
509,26,Non-Exercise
510,21,Lateral Raise
511,26,Non-Exercise
512,27,Overhead Triceps Extension
513,46,Squat Jump
514,26,Non-Exercise
515,26,Non-Exercise
516,26,Non-Exercise
517,26,Non-Exercise
518,26,Non-Exercise
519,26,Non-Exercise
520,10,Dumbbell Deadlift Row
521,26,Non-Exercise
522,56,V-up
523,43,"Squat (arms in front of body, parallel to ground)"
524,30,Pushup (knee or foot variation)
525,50,Tap Right Device
526,26,Non-Exercise
527,33,Rowing machine
528,26,Non-Exercise
529,26,Non-Exercise
530,26,Non-Exercise
531,17,Fast Alternating Punches
532,26,Non-Exercise
533,13,Dumbbell Row (knee on bench) (right arm)
534,26,Non-Exercise
535,28,Plank
536,26,Non-Exercise
537,15,Dynamic Stretch (at your own pace)
538,26,Non-Exercise
539,26,Non-Exercise
540,26,Non-Exercise
541,26,Non-Exercise
542,26,Non-Exercise
543,26,Non-Exercise
544,39,Side Plank Right side
545,30,Pushup (knee or foot variation)
546,26,Non-Exercise
547,26,Non-Exercise
548,26,Non-Exercise
549,26,Non-Exercise
550,16,Elliptical machine
551,24,"Lunge (alternating both legs, weight optional)"
552,26,Non-Exercise
553,26,Non-Exercise
554,46,Squat Jump
555,26,Non-Exercise
556,26,Non-Exercise
557,37,Shoulder Press (dumbbell)
558,26,Non-Exercise
559,8,Device on Table
560,26,Non-Exercise
561,32,Repetitive Stretching
562,26,Non-Exercise
563,45,Squat (kettlebell / goblet)
564,26,Non-Exercise
565,5,Butterfly Sit-up
566,35,Russian Twist
567,7,Crunch
568,26,Non-Exercise
569,14,Dumbbell Squat (hands at side)
570,25,Medicine Ball Slam
571,26,Non-Exercise
572,26,Non-Exercise
573,26,Non-Exercise
574,26,Non-Exercise
575,26,Non-Exercise
576,26,Non-Exercise
577,26,Non-Exercise
578,28,Plank
579,8,Device on Table
580,26,Non-Exercise
581,26,Non-Exercise
582,6,Chest Press (rack)
583,26,Non-Exercise
584,14,Dumbbell Squat (hands at side)
585,26,Non-Exercise
586,26,Non-Exercise
587,15,Dynamic Stretch (at your own pace)
588,60,Wall Squat
589,20,Kettlebell Swing
590,26,Non-Exercise
591,26,Non-Exercise
592,1,Band Pull-Down Row
593,26,Non-Exercise
594,26,Non-Exercise
595,26,Non-Exercise
596,26,Non-Exercise
597,26,Non-Exercise
598,56,V-up
599,24,"Lunge (alternating both legs, weight optional)"
600,22,Lawnmower (left arm)
601,26,Non-Exercise
602,26,Non-Exercise
603,26,Non-Exercise
604,26,Non-Exercise
605,26,Non-Exercise
606,37,Shoulder Press (dumbbell)
607,8,Device on Table
608,31,Pushups
609,46,Squat Jump
610,26,Non-Exercise
611,6,Chest Press (rack)
612,26,Non-Exercise
613,26,Non-Exercise
614,26,Non-Exercise
615,37,Shoulder Press (dumbbell)
616,28,Plank
617,26,Non-Exercise
618,8,Device on Table
619,48,Static Stretch (at your own pace)
620,26,Non-Exercise
621,26,Non-Exercise
622,54,Triceps extension (lying down)
623,26,Non-Exercise
624,26,Non-Exercise
625,49,Static stretch
626,26,Non-Exercise
627,30,Pushup (knee or foot variation)
628,7,Crunch
629,13,Dumbbell Row (knee on bench) (right arm)
630,26,Non-Exercise
631,26,Non-Exercise
632,26,Non-Exercise
633,21,Lateral Raise
634,26,Non-Exercise
635,26,Non-Exercise
636,26,Non-Exercise
637,26,Non-Exercise
638,35,Russian Twist
639,31,Pushups
640,26,Non-Exercise
641,26,Non-Exercise
642,49,Static stretch
643,9,Dip
644,48,Static Stretch (at your own pace)
645,26,Non-Exercise
646,4,Burpee
647,26,Non-Exercise
648,26,Non-Exercise
649,26,Non-Exercise
650,26,Non-Exercise
651,28,Plank
652,14,Dumbbell Squat (hands at side)
653,8,Device on Table
654,52,Triceps Kickback (knee on bench) (left arm)
655,12,Dumbbell Row (knee on bench) (left arm)
656,26,Non-Exercise
657,59,Wall Ball
658,26,Non-Exercise
659,36,Seated Back Fly
660,39,Side Plank Right side
661,26,Non-Exercise
662,26,Non-Exercise
663,26,Non-Exercise
664,26,Non-Exercise
665,26,Non-Exercise
666,26,Non-Exercise
667,12,Dumbbell Row (knee on bench) (left arm)
668,49,Static stretch
669,26,Non-Exercise
670,26,Non-Exercise
671,26,Non-Exercise
672,26,Non-Exercise
673,26,Non-Exercise
674,50,Tap Right Device
675,34,Running (treadmill)
676,55,"Two-arm Dumbbell Curl (both arms, not alternating)"
677,26,Non-Exercise
678,24,"Lunge (alternating both legs, weight optional)"
679,26,Non-Exercise
680,26,Non-Exercise
681,26,Non-Exercise
682,26,Non-Exercise
683,26,Non-Exercise
684,13,Dumbbell Row (knee on bench) (right arm)
685,26,Non-Exercise
686,26,Non-Exercise
687,11,Dumbbell Row (knee on bench) (label spans both arms)
688,44,Squat (hands behind head)
689,26,Non-Exercise
690,8,Device on Table
691,6,Chest Press (rack)
692,59,Wall Ball
693,7,Crunch
694,41,Sit-ups
695,8,Device on Table
696,26,Non-Exercise
697,26,Non-Exercise
698,26,Non-Exercise
699,26,Non-Exercise
700,26,Non-Exercise
701,48,Static Stretch (at your own pace)
702,56,V-up
703,34,Running (treadmill)
704,26,Non-Exercise
705,26,Non-Exercise
706,33,Rowing machine
707,26,Non-Exercise
708,26,Non-Exercise
709,36,Seated Back Fly
710,48,Static Stretch (at your own pace)
711,26,Non-Exercise
712,26,Non-Exercise
713,26,Non-Exercise
714,26,Non-Exercise
715,26,Non-Exercise
716,26,Non-Exercise
717,26,Non-Exercise
718,56,V-up
719,9,Dip
720,8,Device on Table
721,58,Walking lunge
722,26,Non-Exercise
723,26,Non-Exercise
724,26,Non-Exercise
725,26,Non-Exercise
726,42,Squat
727,12,Dumbbell Row (knee on bench) (left arm)
728,26,Non-Exercise
729,30,Pushup (knee or foot variation)
730,26,Non-Exercise
731,12,Dumbbell Row (knee on bench) (left arm)
732,26,Non-Exercise
733,60,Wall Squat
734,26,Non-Exercise
735,26,Non-Exercise
736,26,Non-Exercise
737,36,Seated Back Fly
738,15,Dynamic Stretch (at your own pace)
739,25,Medicine Ball Slam
740,27,Overhead Triceps Extension
741,24,"Lunge (alternating both legs, weight optional)"
742,26,Non-Exercise
743,26,Non-Exercise
744,47,Squat Rack Shoulder Press
745,26,Non-Exercise
746,26,Non-Exercise
747,26,Non-Exercise
748,26,Non-Exercise
749,26,Non-Exercise
750,18,Jump Rope
751,55,"Two-arm Dumbbell Curl (both arms, not alternating)"
752,26,Non-Exercise
753,33,Rowing machine
754,38,Side Plank Left side
755,26,Non-Exercise
756,26,Non-Exercise
757,26,Non-Exercise
758,26,Non-Exercise
759,26,Non-Exercise
760,26,Non-Exercise
761,20,Kettlebell Swing
762,26,Non-Exercise
763,26,Non-Exercise
764,26,Non-Exercise
765,55,"Two-arm Dumbbell Curl (both arms, not alternating)"
766,26,Non-Exercise
767,36,Seated Back Fly
768,51,Triceps Kickback (knee on bench) (label spans both arms)
769,26,Non-Exercise
770,26,Non-Exercise
771,40,Sit-up (hands positioned behind head)
772,26,Non-Exercise
773,35,Russian Twist
774,26,Non-Exercise
775,4,Burpee
776,26,Non-Exercise
777,37,Shoulder Press (dumbbell)
778,26,Non-Exercise
779,26,Non-Exercise
780,39,Side Plank Right side
781,26,Non-Exercise
782,55,"Two-arm Dumbbell Curl (both arms, not alternating)"
783,26,Non-Exercise
784,26,Non-Exercise
785,26,Non-Exercise
786,2,Bicep Curl
787,26,Non-Exercise
788,27,Overhead Triceps Extension
789,26,Non-Exercise
790,55,"Two-arm Dumbbell Curl (both arms, not alternating)"
791,50,Tap Right Device
792,26,Non-Exercise
793,26,Non-Exercise
794,26,Non-Exercise
795,15,Dynamic Stretch (at your own pace)
796,26,Non-Exercise
797,58,Walking lunge
798,26,Non-Exercise
799,26,Non-Exercise
800,25,Medicine Ball Slam
801,43,"Squat (arms in front of body, parallel to ground)"
802,58,Walking lunge
803,26,Non-Exercise
804,26,Non-Exercise
805,7,Crunch
806,26,Non-Exercise
807,26,Non-Exercise
808,26,Non-Exercise
809,59,Wall Ball
810,35,Russian Twist
811,59,Wall Ball
812,26,Non-Exercise
813,28,Plank
814,9,Dip
815,57,Walk
816,26,Non-Exercise
817,50,Tap Right Device
818,26,Non-Exercise
819,55,"Two-arm Dumbbell Curl (both arms, not alternating)"
820,16,Elliptical machine
821,59,Wall Ball
822,26,Non-Exercise
823,24,"Lunge (alternating both legs, weight optional)"
824,8,Device on Table
825,27,Overhead Triceps Extension
826,29,Power Boat pose
827,26,Non-Exercise
828,33,Rowing machine
829,56,V-up
830,26,Non-Exercise
831,36,Seated Back Fly
832,26,Non-Exercise
833,26,Non-Exercise
834,51,Triceps Kickback (knee on bench) (label spans both arms)
835,11,Dumbbell Row (knee on bench) (label spans both arms)
836,26,Non-Exercise
837,27,Overhead Triceps Extension
838,9,Dip
839,26,Non-Exercise
840,1,Band Pull-Down Row
841,34,Running (treadmill)
842,55,"Two-arm Dumbbell Curl (both arms, not alternating)"
843,54,Triceps extension (lying down)
844,20,Kettlebell Swing
845,32,Repetitive Stretching
846,26,Non-Exercise
847,8,Device on Table
848,25,Medicine Ball Slam
849,33,Rowing machine
850,16,Elliptical machine
851,26,Non-Exercise
852,56,V-up
853,19,Jumping Jacks
854,41,Sit-ups
855,28,Plank
856,26,Non-Exercise
857,26,Non-Exercise
858,28,Plank
859,54,Triceps extension (lying down)
860,43,"Squat (arms in front of body, parallel to ground)"
861,26,Non-Exercise
862,26,Non-Exercise
863,19,Jumping Jacks
864,26,Non-Exercise
865,23,Lawnmower (right arm)
866,28,Plank
867,26,Non-Exercise
868,26,Non-Exercise
869,36,Seated Back Fly
870,20,Kettlebell Swing
871,49,Static stretch
872,44,Squat (hands behind head)
873,26,Non-Exercise
874,23,Lawnmower (right arm)
875,26,Non-Exercise
876,54,Triceps extension (lying down)
877,26,Non-Exercise
878,26,Non-Exercise
879,26,Non-Exercise
880,23,Lawnmower (right arm)
881,26,Non-Exercise
882,26,Non-Exercise
883,8,Device on Table
884,24,"Lunge (alternating both legs, weight optional)"
885,26,Non-Exercise
886,17,Fast Alternating Punches
887,26,Non-Exercise
888,53,Triceps Kickback (knee on bench) (right arm)
889,26,Non-Exercise
890,51,Triceps Kickback (knee on bench) (label spans both arms)
891,15,Dynamic Stretch (at your own pace)
892,26,Non-Exercise
893,26,Non-Exercise
894,18,Jump Rope
895,55,"Two-arm Dumbbell Curl (both arms, not alternating)"
896,28,Plank
897,26,Non-Exercise
898,50,Tap Right Device
899,26,Non-Exercise
900,48,Static Stretch (at your own pace)
901,50,Tap Right Device
902,26,Non-Exercise
903,8,Device on Table
904,26,Non-Exercise
905,21,Lateral Raise
906,26,Non-Exercise
907,40,Sit-up (hands positioned behind head)
908,26,Non-Exercise
909,26,Non-Exercise
910,34,Running (treadmill)
911,28,Plank
912,25,Medicine Ball Slam
913,20,Kettlebell Swing
914,26,Non-Exercise
915,45,Squat (kettlebell / goblet)
916,8,Device on Table
917,26,Non-Exercise
918,10,Dumbbell Deadlift Row
919,51,Triceps Kickback (knee on bench) (label spans both arms)
920,38,Side Plank Left side
921,38,Side Plank Left side
922,7,Crunch
923,26,Non-Exercise
924,47,Squat Rack Shoulder Press
925,60,Wall Squat
926,26,Non-Exercise
927,48,Static Stretch (at your own pace)
928,26,Non-Exercise
929,26,Non-Exercise
930,34,Running (treadmill)
931,44,Squat (hands behind head)
932,40,Sit-up (hands positioned behind head)
933,44,Squat (hands behind head)
934,26,Non-Exercise
935,50,Tap Right Device
936,26,Non-Exercise
937,26,Non-Exercise
938,44,Squat (hands behind head)
939,26,Non-Exercise
940,26,Non-Exercise
941,33,Rowing machine
942,26,Non-Exercise
943,23,Lawnmower (right arm)
944,58,Walking lunge
945,20,Kettlebell Swing
946,4,Burpee
947,22,Lawnmower (left arm)
948,60,Wall Squat
949,8,Device on Table
950,26,Non-Exercise
951,26,Non-Exercise
952,23,Lawnmower (right arm)
953,25,Medicine Ball Slam
954,54,Triceps extension (lying down)
955,26,Non-Exercise
956,26,Non-Exercise
957,30,Pushup (knee or foot variation)
958,26,Non-Exercise
959,26,Non-Exercise
960,46,Squat Jump
961,26,Non-Exercise
962,43,"Squat (arms in front of body, parallel to ground)"
963,26,Non-Exercise
964,9,Dip
965,26,Non-Exercise
966,26,Non-Exercise
967,26,Non-Exercise
968,4,Burpee
969,26,Non-Exercise
970,26,Non-Exercise
971,26,Non-Exercise
972,40,Sit-up (hands positioned behind head)
973,55,"Two-arm Dumbbell Curl (both arms, not alternating)"
974,15,Dynamic Stretch (at your own pace)
975,4,Burpee
976,41,Sit-ups
977,26,Non-Exercise
978,26,Non-Exercise
979,26,Non-Exercise
980,9,Dip
981,26,Non-Exercise
982,47,Squat Rack Shoulder Press
983,6,Chest Press (rack)
984,22,Lawnmower (left arm)
985,11,Dumbbell Row (knee on bench) (label spans both arms)
986,37,Shoulder Press (dumbbell)
987,26,Non-Exercise
988,55,"Two-arm Dumbbell Curl (both arms, not alternating)"
989,26,Non-Exercise
990,57,Walk
991,18,Jump Rope
992,26,Non-Exercise
993,20,Kettlebell Swing
994,49,Static stretch
995,47,Squat Rack Shoulder Press
996,26,Non-Exercise
997,26,Non-Exercise
998,45,Squat (kettlebell / goblet)
999,14,Dumbbell Squat (hands at side)
1000,26,Non-Exercise
1001,43,"Squat (arms in front of body, parallel to ground)"
1002,39,Side Plank Right side
1003,26,Non-Exercise
1004,26,Non-Exercise
1005,47,Squat Rack Shoulder Press
1006,40,Sit-up (hands positioned behind head)
1007,26,Non-Exercise
1008,1,Band Pull-Down Row
1009,6,Chest Press (rack)
1010,7,Crunch
1011,1,Band Pull-Down Row
1012,26,Non-Exercise
1013,26,Non-Exercise
1014,26,Non-Exercise
1015,26,Non-Exercise
1016,21,Lateral Raise
1017,17,Fast Alternating Punches
1018,57,Walk
1019,26,Non-Exercise
1020,26,Non-Exercise
1021,50,Tap Right Device
1022,3,Biceps Curl (band)
1023,26,Non-Exercise
1024,14,Dumbbell Squat (hands at side)
1025,49,Static stretch
1026,16,Elliptical machine
1027,8,Device on Table
1028,28,Plank
1029,49,Static stretch
1030,26,Non-Exercise
1031,46,Squat Jump
1032,21,Lateral Raise
1033,21,Lateral Raise
1034,26,Non-Exercise
1035,49,Static stretch
1036,36,Seated Back Fly
1037,26,Non-Exercise
1038,26,Non-Exercise
1039,26,Non-Exercise
1040,26,Non-Exercise
1041,4,Burpee
1042,17,Fast Alternating Punches
1043,58,Walking lunge
1044,26,Non-Exercise
1045,17,Fast Alternating Punches
1046,37,Shoulder Press (dumbbell)
1047,26,Non-Exercise
1048,26,Non-Exercise
1049,8,Device on Table
1050,18,Jump Rope
1051,8,Device on Table
1052,4,Burpee
1053,26,Non-Exercise
1054,3,Biceps Curl (band)
1055,32,Repetitive Stretching
1056,26,Non-Exercise
1057,55,"Two-arm Dumbbell Curl (both arms, not alternating)"
1058,26,Non-Exercise
1059,26,Non-Exercise
1060,28,Plank
1061,26,Non-Exercise
1062,26,Non-Exercise
1063,26,Non-Exercise
1064,26,Non-Exercise
1065,60,Wall Squat
1066,26,Non-Exercise
1067,49,Static stretch
1068,26,Non-Exercise
1069,26,Non-Exercise
1070,43,"Squat (arms in front of body, parallel to ground)"
1071,26,Non-Exercise
1072,34,Running (treadmill)
1073,37,Shoulder Press (dumbbell)
1074,26,Non-Exercise
1075,26,Non-Exercise
1076,26,Non-Exercise
1077,48,Static Stretch (at your own pace)
1078,26,Non-Exercise
1079,26,Non-Exercise
1080,26,Non-Exercise
1081,26,Non-Exercise
1082,18,Jump Rope
1083,26,Non-Exercise
1084,26,Non-Exercise
1085,26,Non-Exercise
1086,26,Non-Exercise
1087,60,Wall Squat
1088,26,Non-Exercise
1089,40,Sit-up (hands positioned behind head)
1090,24,"Lunge (alternating both legs, weight optional)"
1091,26,Non-Exercise
1092,24,"Lunge (alternating both legs, weight optional)"
1093,8,Device on Table
1094,26,Non-Exercise
1095,47,Squat Rack Shoulder Press
1096,8,Device on Table
1097,58,Walking lunge
1098,57,Walk
1099,60,Wall Squat
1100,26,Non-Exercise
1101,26,Non-Exercise
1102,31,Pushups
1103,26,Non-Exercise
1104,26,Non-Exercise
1105,26,Non-Exercise
1106,26,Non-Exercise
1107,35,Russian Twist
1108,26,Non-Exercise
1109,26,Non-Exercise
1110,56,V-up
1111,26,Non-Exercise
1112,21,Lateral Raise
1113,26,Non-Exercise
1114,26,Non-Exercise
1115,26,Non-Exercise
1116,26,Non-Exercise
1117,26,Non-Exercise
1118,26,Non-Exercise
1119,26,Non-Exercise
1120,44,Squat (hands behind head)
1121,26,Non-Exercise
1122,26,Non-Exercise
1123,26,Non-Exercise
1124,27,Overhead Triceps Extension
1125,26,Non-Exercise
1126,26,Non-Exercise
1127,26,Non-Exercise
1128,60,Wall Squat
1129,26,Non-Exercise
1130,26,Non-Exercise
1131,24,"Lunge (alternating both legs, weight optional)"
1132,41,Sit-ups
1133,11,Dumbbell Row (knee on bench) (label spans both arms)
1134,40,Sit-up (hands positioned behind head)
1135,26,Non-Exercise
1136,50,Tap Right Device
1137,60,Wall Squat
1138,50,Tap Right Device
1139,43,"Squat (arms in front of body, parallel to ground)"
1140,26,Non-Exercise
1141,36,Seated Back Fly
1142,31,Pushups
1143,26,Non-Exercise
1144,26,Non-Exercise
1145,26,Non-Exercise
1146,26,Non-Exercise
1147,8,Device on Table
1148,26,Non-Exercise
1149,52,Triceps Kickback (knee on bench) (left arm)
1150,26,Non-Exercise
1151,26,Non-Exercise
1152,25,Medicine Ball Slam
1153,22,Lawnmower (left arm)
1154,26,Non-Exercise
1155,26,Non-Exercise
1156,26,Non-Exercise
1157,26,Non-Exercise
1158,26,Non-Exercise
1159,26,Non-Exercise
1160,26,Non-Exercise
1161,25,Medicine Ball Slam
1162,26,Non-Exercise
1163,57,Walk
1164,50,Tap Right Device
1165,14,Dumbbell Squat (hands at side)
1166,38,Side Plank Left side
1167,20,Kettlebell Swing
1168,15,Dynamic Stretch (at your own pace)
1169,30,Pushup (knee or foot variation)
1170,8,Device on Table
1171,35,Russian Twist
1172,26,Non-Exercise
1173,26,Non-Exercise
1174,26,Non-Exercise
1175,26,Non-Exercise
1176,21,Lateral Raise
1177,26,Non-Exercise
1178,26,Non-Exercise
1179,33,Rowing machine
1180,28,Plank
1181,43,"Squat (arms in front of body, parallel to ground)"
1182,35,Russian Twist
1183,24,"Lunge (alternating both legs, weight optional)"
1184,10,Dumbbell Deadlift Row
1185,4,Burpee
1186,26,Non-Exercise
1187,26,Non-Exercise
1188,8,Device on Table
1189,1,Band Pull-Down Row
1190,26,Non-Exercise
1191,26,Non-Exercise
1192,26,Non-Exercise
1193,26,Non-Exercise
1194,26,Non-Exercise
1195,26,Non-Exercise
1196,37,Shoulder Press (dumbbell)
1197,26,Non-Exercise
1198,26,Non-Exercise
1199,3,Biceps Curl (band)
1200,26,Non-Exercise
1201,26,Non-Exercise
1202,59,Wall Ball
1203,43,"Squat (arms in front of body, parallel to ground)"
1204,39,Side Plank Right side
1205,33,Rowing machine
1206,7,Crunch
1207,26,Non-Exercise
1208,26,Non-Exercise
1209,26,Non-Exercise
1210,26,Non-Exercise
1211,48,Static Stretch (at your own pace)
1212,26,Non-Exercise
1213,41,Sit-ups
1214,37,Shoulder Press (dumbbell)
1215,26,Non-Exercise
1216,26,Non-Exercise
1217,28,Plank
1218,10,Dumbbell Deadlift Row
1219,41,Sit-ups
1220,26,Non-Exercise
1221,57,Walk
1222,26,Non-Exercise
1223,26,Non-Exercise
1224,8,Device on Table
1225,51,Triceps Kickback (knee on bench) (label spans both arms)
1226,26,Non-Exercise
1227,26,Non-Exercise
1228,26,Non-Exercise
1229,49,Static stretch
1230,14,Dumbbell Squat (hands at side)
1231,26,Non-Exercise
1232,36,Seated Back Fly
1233,9,Dip
1234,22,Lawnmower (left arm)
1235,26,Non-Exercise
1236,37,Shoulder Press (dumbbell)
1237,8,Device on Table
1238,49,Static stretch
1239,30,Pushup (knee or foot variation)
1240,25,Medicine Ball Slam
1241,3,Biceps Curl (band)
1242,7,Crunch
1243,26,Non-Exercise
1244,14,Dumbbell Squat (hands at side)
1245,59,Wall Ball
1246,42,Squat
1247,60,Wall Squat
1248,26,Non-Exercise
1249,5,Butterfly Sit-up
1250,50,Tap Right Device
1251,26,Non-Exercise
1252,26,Non-Exercise
1253,26,Non-Exercise
1254,26,Non-Exercise
1255,18,Jump Rope
1256,29,Power Boat pose
1257,26,Non-Exercise
1258,23,Lawnmower (right arm)
1259,60,Wall Squat
1260,39,Side Plank Right side
1261,26,Non-Exercise
1262,26,Non-Exercise
1263,32,Repetitive Stretching
1264,26,Non-Exercise
1265,26,Non-Exercise
1266,46,Squat Jump
1267,26,Non-Exercise
1268,26,Non-Exercise
1269,26,Non-Exercise
1270,38,Side Plank Left side
1271,5,Butterfly Sit-up
1272,24,"Lunge (alternating both legs, weight optional)"
1273,37,Shoulder Press (dumbbell)
1274,41,Sit-ups
1275,54,Triceps extension (lying down)
1276,26,Non-Exercise
1277,37,Shoulder Press (dumbbell)
1278,41,Sit-ups
1279,26,Non-Exercise
1280,26,Non-Exercise
1281,26,Non-Exercise
1282,45,Squat (kettlebell / goblet)
1283,26,Non-Exercise
1284,18,Jump Rope
1285,52,Triceps Kickback (knee on bench) (left arm)
1286,26,Non-Exercise
1287,11,Dumbbell Row (knee on bench) (label spans both arms)
1288,26,Non-Exercise
1289,6,Chest Press (rack)
1290,3,Biceps Curl (band)
1291,26,Non-Exercise
1292,19,Jumping Jacks
1293,26,Non-Exercise
1294,14,Dumbbell Squat (hands at side)
1295,26,Non-Exercise
1296,26,Non-Exercise
1297,26,Non-Exercise
1298,31,Pushups
1299,26,Non-Exercise
1300,35,Russian Twist
1301,26,Non-Exercise
1302,4,Burpee
1303,43,"Squat (arms in front of body, parallel to ground)"
1304,26,Non-Exercise
1305,23,Lawnmower (right arm)
1306,26,Non-Exercise
1307,50,Tap Right Device
1308,24,"Lunge (alternating both legs, weight optional)"
1309,26,Non-Exercise
1310,26,Non-Exercise
1311,26,Non-Exercise
1312,26,Non-Exercise
1313,26,Non-Exercise
1314,18,Jump Rope
1315,54,Triceps extension (lying down)
1316,26,Non-Exercise
1317,26,Non-Exercise
1318,8,Device on Table
1319,26,Non-Exercise
1320,49,Static stretch
1321,26,Non-Exercise
1322,42,Squat
1323,26,Non-Exercise
1324,2,Bicep Curl
1325,26,Non-Exercise
1326,26,Non-Exercise
1327,26,Non-Exercise
1328,26,Non-Exercise
1329,56,V-up
1330,58,Walking lunge
1331,26,Non-Exercise
1332,26,Non-Exercise
1333,26,Non-Exercise
1334,26,Non-Exercise
1335,26,Non-Exercise
1336,28,Plank
1337,26,Non-Exercise
1338,26,Non-Exercise
1339,26,Non-Exercise
1340,55,"Two-arm Dumbbell Curl (both arms, not alternating)"
1341,26,Non-Exercise
1342,10,Dumbbell Deadlift Row
1343,57,Walk
1344,21,Lateral Raise
1345,34,Running (treadmill)
1346,26,Non-Exercise
1347,26,Non-Exercise
1348,42,Squat
1349,6,Chest Press (rack)
1350,26,Non-Exercise
1351,26,Non-Exercise
1352,6,Chest Press (rack)
1353,46,Squat Jump
1354,8,Device on Table
1355,51,Triceps Kickback (knee on bench) (label spans both arms)
1356,26,Non-Exercise
1357,27,Overhead Triceps Extension
1358,23,Lawnmower (right arm)
1359,26,Non-Exercise
1360,26,Non-Exercise
1361,59,Wall Ball
1362,59,Wall Ball
1363,16,Elliptical machine
1364,26,Non-Exercise
1365,44,Squat (hands behind head)
1366,58,Walking lunge
1367,26,Non-Exercise
1368,3,Biceps Curl (band)
1369,36,Seated Back Fly
1370,50,Tap Right Device
1371,26,Non-Exercise
1372,26,Non-Exercise
1373,26,Non-Exercise
1374,26,Non-Exercise
1375,37,Shoulder Press (dumbbell)
1376,43,"Squat (arms in front of body, parallel to ground)"
1377,26,Non-Exercise
1378,4,Burpee
1379,26,Non-Exercise
1380,57,Walk
1381,60,Wall Squat
1382,7,Crunch
1383,26,Non-Exercise
1384,9,Dip
1385,8,Device on Table
1386,26,Non-Exercise
1387,16,Elliptical machine
1388,26,Non-Exercise
1389,26,Non-Exercise
1390,17,Fast Alternating Punches
1391,26,Non-Exercise
1392,26,Non-Exercise
1393,59,Wall Ball
1394,26,Non-Exercise
1395,26,Non-Exercise
1396,1,Band Pull-Down Row
1397,7,Crunch
1398,11,Dumbbell Row (knee on bench) (label spans both arms)
1399,26,Non-Exercise
1400,22,Lawnmower (left arm)
1401,15,Dynamic Stretch (at your own pace)
1402,26,Non-Exercise
1403,26,Non-Exercise
1404,26,Non-Exercise
1405,26,Non-Exercise
1406,21,Lateral Raise
1407,3,Biceps Curl (band)
1408,8,Device on Table
1409,44,Squat (hands behind head)
1410,9,Dip
1411,30,Pushup (knee or foot variation)
1412,28,Plank
1413,26,Non-Exercise
1414,26,Non-Exercise
1415,26,Non-Exercise
1416,51,Triceps Kickback (knee on bench) (label spans both arms)
1417,30,Pushup (knee or foot variation)
1418,26,Non-Exercise
1419,26,Non-Exercise
1420,1,Band Pull-Down Row
1421,26,Non-Exercise
1422,13,Dumbbell Row (knee on bench) (right arm)
1423,26,Non-Exercise
1424,26,Non-Exercise
1425,26,Non-Exercise
1426,5,Butterfly Sit-up
1427,26,Non-Exercise
1428,26,Non-Exercise
1429,56,V-up
1430,26,Non-Exercise
1431,26,Non-Exercise
1432,26,Non-Exercise
1433,7,Crunch
1434,8,Device on Table
1435,26,Non-Exercise
1436,34,Running (treadmill)
1437,60,Wall Squat
1438,7,Crunch
1439,26,Non-Exercise
1440,2,Bicep Curl
1441,30,Pushup (knee or foot variation)
1442,8,Device on Table
1443,26,Non-Exercise
1444,24,"Lunge (alternating both legs, weight optional)"
1445,23,Lawnmower (right arm)
1446,26,Non-Exercise
1447,56,V-up
1448,26,Non-Exercise
1449,8,Device on Table
1450,34,Running (treadmill)
1451,31,Pushups
1452,26,Non-Exercise
1453,26,Non-Exercise
1454,26,Non-Exercise
1455,11,Dumbbell Row (knee on bench) (label spans both arms)
1456,26,Non-Exercise
1457,8,Device on Table
1458,45,Squat (kettlebell / goblet)
1459,60,Wall Squat
1460,56,V-up
1461,26,Non-Exercise
1462,56,V-up
1463,52,Triceps Kickback (knee on bench) (left arm)
1464,23,Lawnmower (right arm)
1465,28,Plank
1466,26,Non-Exercise
1467,52,Triceps Kickback (knee on bench) (left arm)
1468,2,Bicep Curl
1469,32,Repetitive Stretching
1470,53,Triceps Kickback (knee on bench) (right arm)
1471,18,Jump Rope
1472,26,Non-Exercise
1473,14,Dumbbell Squat (hands at side)
1474,26,Non-Exercise
1475,26,Non-Exercise
1476,26,Non-Exercise
1477,43,"Squat (arms in front of body, parallel to ground)"
1478,51,Triceps Kickback (knee on bench) (label spans both arms)
1479,7,Crunch
1480,58,Walking lunge
1481,7,Crunch
1482,21,Lateral Raise
1483,26,Non-Exercise
1484,26,Non-Exercise
1485,26,Non-Exercise
1486,26,Non-Exercise
1487,28,Plank
1488,26,Non-Exercise
1489,26,Non-Exercise
1490,26,Non-Exercise
1491,26,Non-Exercise
1492,26,Non-Exercise
1493,47,Squat Rack Shoulder Press
1494,26,Non-Exercise
1495,10,Dumbbell Deadlift Row
1496,26,Non-Exercise
1497,26,Non-Exercise
1498,43,"Squat (arms in front of body, parallel to ground)"
1499,26,Non-Exercise
1500,44,Squat (hands behind head)
1501,9,Dip
1502,24,"Lunge (alternating both legs, weight optional)"
1503,27,Overhead Triceps Extension
1504,26,Non-Exercise
1505,10,Dumbbell Deadlift Row
1506,8,Device on Table
1507,19,Jumping Jacks
1508,24,"Lunge (alternating both legs, weight optional)"
1509,26,Non-Exercise
1510,26,Non-Exercise
1511,43,"Squat (arms in front of body, parallel to ground)"
1512,58,Walking lunge
1513,26,Non-Exercise
1514,26,Non-Exercise
1515,0,Arm Band Adjustment
1516,9,Dip
1517,7,Crunch
1518,59,Wall Ball
1519,26,Non-Exercise
1520,26,Non-Exercise
1521,5,Butterfly Sit-up
1522,48,Static Stretch (at your own pace)
1523,26,Non-Exercise
1524,26,Non-Exercise
1525,26,Non-Exercise
1526,54,Triceps extension (lying down)
1527,26,Non-Exercise
1528,26,Non-Exercise
1529,26,Non-Exercise
1530,26,Non-Exercise
1531,37,Shoulder Press (dumbbell)
1532,36,Seated Back Fly
1533,1,Band Pull-Down Row
1534,54,Triceps extension (lying down)
1535,26,Non-Exercise
1536,26,Non-Exercise
1537,26,Non-Exercise
1538,21,Lateral Raise
1539,26,Non-Exercise
1540,30,Pushup (knee or foot variation)
1541,49,Static stretch
1542,26,Non-Exercise
1543,26,Non-Exercise
1544,26,Non-Exercise
1545,26,Non-Exercise
1546,35,Russian Twist
1547,26,Non-Exercise
1548,30,Pushup (knee or foot variation)
1549,4,Burpee
1550,26,Non-Exercise
1551,9,Dip
1552,26,Non-Exercise
1553,26,Non-Exercise
1554,26,Non-Exercise
1555,60,Wall Squat
1556,19,Jumping Jacks
1557,26,Non-Exercise
1558,26,Non-Exercise
1559,26,Non-Exercise
1560,45,Squat (kettlebell / goblet)
1561,26,Non-Exercise
1562,54,Triceps extension (lying down)
1563,42,Squat
1564,9,Dip
1565,37,Shoulder Press (dumbbell)
1566,59,Wall Ball
1567,26,Non-Exercise
1568,26,Non-Exercise
1569,2,Bicep Curl
1570,26,Non-Exercise
1571,26,Non-Exercise
1572,28,Plank
1573,25,Medicine Ball Slam
1574,21,Lateral Raise
1575,26,Non-Exercise
1576,26,Non-Exercise
1577,29,Power Boat pose
1578,1,Band Pull-Down Row
1579,26,Non-Exercise
1580,26,Non-Exercise
1581,10,Dumbbell Deadlift Row
1582,1,Band Pull-Down Row
1583,20,Kettlebell Swing
1584,47,Squat Rack Shoulder Press
1585,26,Non-Exercise
1586,4,Burpee
1587,26,Non-Exercise
1588,26,Non-Exercise
1589,46,Squat Jump
1590,26,Non-Exercise
1591,56,V-up
1592,26,Non-Exercise
1593,46,Squat Jump
1594,37,Shoulder Press (dumbbell)
1595,26,Non-Exercise
1596,21,Lateral Raise
1597,26,Non-Exercise
1598,59,Wall Ball
1599,26,Non-Exercise
1600,26,Non-Exercise
1601,26,Non-Exercise
1602,26,Non-Exercise
1603,45,Squat (kettlebell / goblet)
1604,26,Non-Exercise
1605,14,Dumbbell Squat (hands at side)
1606,38,Side Plank Left side
1607,60,Wall Squat
1608,7,Crunch
1609,26,Non-Exercise
1610,26,Non-Exercise
1611,50,Tap Right Device
1612,2,Bicep Curl
1613,26,Non-Exercise
1614,8,Device on Table
1615,26,Non-Exercise
1616,40,Sit-up (hands positioned behind head)
1617,26,Non-Exercise
1618,55,"Two-arm Dumbbell Curl (both arms, not alternating)"
1619,5,Butterfly Sit-up
1620,26,Non-Exercise
1621,26,Non-Exercise
1622,26,Non-Exercise
1623,26,Non-Exercise
1624,22,Lawnmower (left arm)
1625,26,Non-Exercise
1626,26,Non-Exercise
1627,10,Dumbbell Deadlift Row
1628,0,Arm Band Adjustment
1629,26,Non-Exercise
1630,26,Non-Exercise
1631,26,Non-Exercise
1632,35,Russian Twist
1633,2,Bicep Curl
1634,22,Lawnmower (left arm)
1635,26,Non-Exercise
1636,23,Lawnmower (right arm)
1637,11,Dumbbell Row (knee on bench) (label spans both arms)
1638,26,Non-Exercise
1639,39,Side Plank Right side
1640,40,Sit-up (hands positioned behind head)
1641,26,Non-Exercise
1642,26,Non-Exercise
1643,26,Non-Exercise
1644,40,Sit-up (hands positioned behind head)
1645,26,Non-Exercise
1646,60,Wall Squat
1647,2,Bicep Curl
1648,38,Side Plank Left side
1649,31,Pushups
1650,52,Triceps Kickback (knee on bench) (left arm)
1651,26,Non-Exercise
1652,26,Non-Exercise
1653,8,Device on Table
1654,26,Non-Exercise
1655,1,Band Pull-Down Row
1656,26,Non-Exercise
1657,8,Device on Table
1658,53,Triceps Kickback (knee on bench) (right arm)
1659,38,Side Plank Left side
1660,20,Kettlebell Swing
1661,26,Non-Exercise
1662,33,Rowing machine
1663,51,Triceps Kickback (knee on bench) (label spans both arms)
1664,18,Jump Rope
1665,27,Overhead Triceps Extension
1666,1,Band Pull-Down Row
1667,26,Non-Exercise
1668,34,Running (treadmill)
1669,27,Overhead Triceps Extension
1670,59,Wall Ball
1671,23,Lawnmower (right arm)
1672,26,Non-Exercise
1673,9,Dip
1674,55,"Two-arm Dumbbell Curl (both arms, not alternating)"
1675,26,Non-Exercise
1676,26,Non-Exercise
1677,9,Dip
1678,39,Side Plank Right side
1679,28,Plank
1680,4,Burpee
1681,48,Static Stretch (at your own pace)
1682,26,Non-Exercise
1683,26,Non-Exercise
1684,60,Wall Squat
1685,26,Non-Exercise
1686,50,Tap Right Device
1687,26,Non-Exercise
1688,26,Non-Exercise
1689,26,Non-Exercise
1690,54,Triceps extension (lying down)
1691,26,Non-Exercise
1692,1,Band Pull-Down Row
1693,4,Burpee
1694,26,Non-Exercise
1695,32,Repetitive Stretching
1696,26,Non-Exercise
1697,26,Non-Exercise
1698,35,Russian Twist
1699,26,Non-Exercise
1700,60,Wall Squat
1701,22,Lawnmower (left arm)
1702,45,Squat (kettlebell / goblet)
1703,26,Non-Exercise
1704,26,Non-Exercise
1705,20,Kettlebell Swing
1706,26,Non-Exercise
1707,26,Non-Exercise
1708,26,Non-Exercise
1709,19,Jumping Jacks
1710,28,Plank
1711,26,Non-Exercise
1712,26,Non-Exercise
1713,5,Butterfly Sit-up
1714,6,Chest Press (rack)
1715,26,Non-Exercise
1716,26,Non-Exercise
1717,26,Non-Exercise
1718,30,Pushup (knee or foot variation)
1719,41,Sit-ups
1720,26,Non-Exercise
1721,16,Elliptical machine
1722,7,Crunch
1723,26,Non-Exercise
1724,27,Overhead Triceps Extension
1725,26,Non-Exercise
1726,26,Non-Exercise
1727,26,Non-Exercise
1728,26,Non-Exercise
1729,26,Non-Exercise
1730,34,Running (treadmill)
1731,32,Repetitive Stretching
1732,4,Burpee
1733,26,Non-Exercise
1734,26,Non-Exercise
1735,26,Non-Exercise
1736,60,Wall Squat
1737,26,Non-Exercise
1738,18,Jump Rope
1739,30,Pushup (knee or foot variation)
1740,26,Non-Exercise
1741,41,Sit-ups
1742,26,Non-Exercise
1743,8,Device on Table
1744,26,Non-Exercise
1745,26,Non-Exercise
1746,56,V-up
1747,26,Non-Exercise
1748,22,Lawnmower (left arm)
1749,40,Sit-up (hands positioned behind head)
1750,16,Elliptical machine
1751,26,Non-Exercise
1752,45,Squat (kettlebell / goblet)
1753,6,Chest Press (rack)
1754,20,Kettlebell Swing
1755,26,Non-Exercise
1756,30,Pushup (knee or foot variation)
1757,26,Non-Exercise
1758,26,Non-Exercise
1759,49,Static stretch
1760,26,Non-Exercise
1761,39,Side Plank Right side
1762,54,Triceps extension (lying down)
1763,44,Squat (hands behind head)
1764,38,Side Plank Left side
1765,48,Static Stretch (at your own pace)
1766,26,Non-Exercise
1767,26,Non-Exercise
1768,14,Dumbbell Squat (hands at side)
1769,26,Non-Exercise
1770,26,Non-Exercise
1771,49,Static stretch
1772,26,Non-Exercise
1773,39,Side Plank Right side
1774,26,Non-Exercise
1775,8,Device on Table
1776,48,Static Stretch (at your own pace)
1777,26,Non-Exercise
1778,49,Static stretch
1779,60,Wall Squat
1780,17,Fast Alternating Punches
1781,14,Dumbbell Squat (hands at side)
1782,26,Non-Exercise
1783,11,Dumbbell Row (knee on bench) (label spans both arms)
1784,26,Non-Exercise
1785,28,Plank
1786,26,Non-Exercise
1787,26,Non-Exercise
1788,26,Non-Exercise
1789,40,Sit-up (hands positioned behind head)
1790,56,V-up
1791,54,Triceps extension (lying down)
1792,26,Non-Exercise
1793,8,Device on Table
1794,33,Rowing machine
1795,26,Non-Exercise
1796,55,"Two-arm Dumbbell Curl (both arms, not alternating)"
1797,35,Russian Twist
1798,26,Non-Exercise
1799,26,Non-Exercise
1800,30,Pushup (knee or foot variation)
1801,19,Jumping Jacks
1802,26,Non-Exercise
1803,56,V-up
1804,26,Non-Exercise
1805,26,Non-Exercise
1806,15,Dynamic Stretch (at your own pace)
1807,6,Chest Press (rack)
1808,40,Sit-up (hands positioned behind head)
1809,26,Non-Exercise
1810,26,Non-Exercise
1811,29,Power Boat pose
1812,38,Side Plank Left side
1813,26,Non-Exercise
1814,26,Non-Exercise
1815,26,Non-Exercise
1816,37,Shoulder Press (dumbbell)
1817,15,Dynamic Stretch (at your own pace)
1818,19,Jumping Jacks
1819,19,Jumping Jacks
1820,2,Bicep Curl
1821,21,Lateral Raise
1822,27,Overhead Triceps Extension
1823,4,Burpee
1824,16,Elliptical machine
1825,26,Non-Exercise
1826,26,Non-Exercise
1827,40,Sit-up (hands positioned behind head)
1828,6,Chest Press (rack)
1829,26,Non-Exercise
1830,26,Non-Exercise
1831,26,Non-Exercise
1832,26,Non-Exercise
1833,26,Non-Exercise
1834,26,Non-Exercise
1835,26,Non-Exercise
1836,60,Wall Squat
1837,50,Tap Right Device
1838,59,Wall Ball
1839,26,Non-Exercise
1840,26,Non-Exercise
1841,21,Lateral Raise
1842,27,Overhead Triceps Extension
1843,59,Wall Ball
1844,26,Non-Exercise
1845,17,Fast Alternating Punches
1846,26,Non-Exercise
1847,26,Non-Exercise
1848,32,Repetitive Stretching
1849,26,Non-Exercise
1850,16,Elliptical machine
1851,21,Lateral Raise
1852,6,Chest Press (rack)
1853,26,Non-Exercise
1854,26,Non-Exercise
1855,29,Power Boat pose
1856,29,Power Boat pose
1857,5,Butterfly Sit-up
1858,26,Non-Exercise
1859,25,Medicine Ball Slam
1860,42,Squat
1861,39,Side Plank Right side
1862,26,Non-Exercise
1863,17,Fast Alternating Punches
1864,26,Non-Exercise
1865,48,Static Stretch (at your own pace)
1866,37,Shoulder Press (dumbbell)
1867,22,Lawnmower (left arm)
1868,26,Non-Exercise
1869,2,Bicep Curl
1870,45,Squat (kettlebell / goblet)
1871,26,Non-Exercise
1872,26,Non-Exercise
1873,33,Rowing machine
1874,36,Seated Back Fly
1875,58,Walking lunge
1876,50,Tap Right Device
1877,26,Non-Exercise
1878,36,Seated Back Fly
1879,45,Squat (kettlebell / goblet)
1880,40,Sit-up (hands positioned behind head)
1881,26,Non-Exercise
1882,35,Russian Twist
1883,26,Non-Exercise
1884,28,Plank
1885,60,Wall Squat
1886,11,Dumbbell Row (knee on bench) (label spans both arms)
1887,31,Pushups
1888,18,Jump Rope
1889,43,"Squat (arms in front of body, parallel to ground)"
1890,9,Dip
1891,26,Non-Exercise
1892,40,Sit-up (hands positioned behind head)
1893,26,Non-Exercise
1894,26,Non-Exercise
1895,8,Device on Table
1896,26,Non-Exercise
1897,1,Band Pull-Down Row
1898,30,Pushup (knee or foot variation)
1899,26,Non-Exercise
1900,26,Non-Exercise
1901,40,Sit-up (hands positioned behind head)
1902,26,Non-Exercise
1903,26,Non-Exercise
1904,44,Squat (hands behind head)
1905,26,Non-Exercise
1906,39,Side Plank Right side
1907,26,Non-Exercise
1908,47,Squat Rack Shoulder Press
1909,26,Non-Exercise
1910,18,Jump Rope
1911,8,Device on Table
1912,23,Lawnmower (right arm)
1913,26,Non-Exercise
1914,4,Burpee
1915,28,Plank
1916,41,Sit-ups
1917,24,"Lunge (alternating both legs, weight optional)"
1918,51,Triceps Kickback (knee on bench) (label spans both arms)
1919,25,Medicine Ball Slam
1920,47,Squat Rack Shoulder Press
1921,5,Butterfly Sit-up
1922,28,Plank
1923,32,Repetitive Stretching
1924,47,Squat Rack Shoulder Press
1925,7,Crunch
1926,26,Non-Exercise
1927,16,Elliptical machine
1928,9,Dip
1929,35,Russian Twist
1930,42,Squat
1931,45,Squat (kettlebell / goblet)
1932,30,Pushup (knee or foot variation)
1933,26,Non-Exercise
1934,26,Non-Exercise
1935,26,Non-Exercise
1936,26,Non-Exercise
1937,21,Lateral Raise
1938,26,Non-Exercise
1939,2,Bicep Curl
1940,26,Non-Exercise
1941,26,Non-Exercise
1942,26,Non-Exercise
1943,26,Non-Exercise
1944,26,Non-Exercise
1945,26,Non-Exercise
1946,50,Tap Right Device
1947,26,Non-Exercise
1948,52,Triceps Kickback (knee on bench) (left arm)
1949,26,Non-Exercise
1950,27,Overhead Triceps Extension
1951,26,Non-Exercise
1952,56,V-up
1953,8,Device on Table
1954,8,Device on Table
1955,29,Power Boat pose
1956,26,Non-Exercise
1957,26,Non-Exercise
1958,8,Device on Table
1959,48,Static Stretch (at your own pace)
1960,26,Non-Exercise
1961,20,Kettlebell Swing
1962,26,Non-Exercise
1963,40,Sit-up (hands positioned behind head)
1964,34,Running (treadmill)
1965,26,Non-Exercise
1966,50,Tap Right Device
1967,28,Plank
1968,43,"Squat (arms in front of body, parallel to ground)"
1969,26,Non-Exercise
1970,21,Lateral Raise
1971,5,Butterfly Sit-up
1972,26,Non-Exercise
1973,26,Non-Exercise
1974,42,Squat
1975,26,Non-Exercise
1976,26,Non-Exercise
1977,26,Non-Exercise
1978,14,Dumbbell Squat (hands at side)
1979,26,Non-Exercise
1980,26,Non-Exercise
1981,26,Non-Exercise
1982,60,Wall Squat
1983,16,Elliptical machine
1984,26,Non-Exercise
1985,26,Non-Exercise
1986,3,Biceps Curl (band)
1987,26,Non-Exercise
1988,26,Non-Exercise
1989,17,Fast Alternating Punches
1990,51,Triceps Kickback (knee on bench) (label spans both arms)
1991,26,Non-Exercise
1992,26,Non-Exercise
1993,30,Pushup (knee or foot variation)
1994,26,Non-Exercise
1995,26,Non-Exercise
1996,26,Non-Exercise
1997,26,Non-Exercise
1998,26,Non-Exercise
1999,46,Squat Jump
2000,26,Non-Exercise
2001,31,Pushups
2002,29,Power Boat pose
2003,30,Pushup (knee or foot variation)
2004,26,Non-Exercise
2005,26,Non-Exercise
2006,18,Jump Rope
2007,53,Triceps Kickback (knee on bench) (right arm)
2008,27,Overhead Triceps Extension
2009,4,Burpee
2010,24,"Lunge (alternating both legs, weight optional)"
2011,60,Wall Squat
2012,26,Non-Exercise
2013,26,Non-Exercise
2014,28,Plank
2015,26,Non-Exercise
2016,18,Jump Rope
2017,26,Non-Exercise
2018,46,Squat Jump
2019,26,Non-Exercise
2020,26,Non-Exercise
2021,2,Bicep Curl
2022,26,Non-Exercise
2023,51,Triceps Kickback (knee on bench) (label spans both arms)
2024,26,Non-Exercise
2025,26,Non-Exercise
2026,26,Non-Exercise
2027,26,Non-Exercise
2028,1,Band Pull-Down Row
2029,8,Device on Table
2030,26,Non-Exercise
2031,26,Non-Exercise
2032,26,Non-Exercise
2033,4,Burpee
2034,40,Sit-up (hands positioned behind head)
2035,26,Non-Exercise
2036,8,Device on Table
2037,15,Dynamic Stretch (at your own pace)
2038,18,Jump Rope
2039,9,Dip
2040,26,Non-Exercise
2041,53,Triceps Kickback (knee on bench) (right arm)
2042,55,"Two-arm Dumbbell Curl (both arms, not alternating)"
2043,40,Sit-up (hands positioned behind head)
2044,26,Non-Exercise
2045,26,Non-Exercise
2046,26,Non-Exercise
2047,15,Dynamic Stretch (at your own pace)
2048,8,Device on Table
2049,26,Non-Exercise
2050,24,"Lunge (alternating both legs, weight optional)"
2051,11,Dumbbell Row (knee on bench) (label spans both arms)
2052,25,Medicine Ball Slam
2053,8,Device on Table
2054,14,Dumbbell Squat (hands at side)
2055,26,Non-Exercise
2056,33,Rowing machine
2057,60,Wall Squat
2058,26,Non-Exercise
2059,23,Lawnmower (right arm)
2060,55,"Two-arm Dumbbell Curl (both arms, not alternating)"
2061,26,Non-Exercise
2062,26,Non-Exercise
2063,26,Non-Exercise
2064,6,Chest Press (rack)
2065,8,Device on Table
2066,34,Running (treadmill)
2067,40,Sit-up (hands positioned behind head)
2068,26,Non-Exercise
2069,28,Plank
2070,26,Non-Exercise
2071,26,Non-Exercise
2072,8,Device on Table
2073,26,Non-Exercise
2074,26,Non-Exercise
2075,26,Non-Exercise
2076,26,Non-Exercise
2077,26,Non-Exercise
2078,26,Non-Exercise
2079,26,Non-Exercise
2080,42,Squat
2081,26,Non-Exercise
2082,26,Non-Exercise
2083,8,Device on Table
2084,26,Non-Exercise
2085,26,Non-Exercise
2086,26,Non-Exercise
2087,26,Non-Exercise
2088,26,Non-Exercise
2089,22,Lawnmower (left arm)
2090,26,Non-Exercise
2091,26,Non-Exercise
2092,34,Running (treadmill)
2093,25,Medicine Ball Slam
2094,8,Device on Table
2095,55,"Two-arm Dumbbell Curl (both arms, not alternating)"
2096,26,Non-Exercise
2097,26,Non-Exercise
2098,26,Non-Exercise
2099,26,Non-Exercise
2100,47,Squat Rack Shoulder Press
2101,31,Pushups
2102,26,Non-Exercise
2103,4,Burpee
2104,18,Jump Rope
2105,15,Dynamic Stretch (at your own pace)
2106,26,Non-Exercise
2107,17,Fast Alternating Punches
2108,26,Non-Exercise
2109,57,Walk
2110,5,Butterfly Sit-up
2111,17,Fast Alternating Punches
2112,26,Non-Exercise
2113,22,Lawnmower (left arm)
2114,26,Non-Exercise
2115,26,Non-Exercise
2116,38,Side Plank Left side
2117,26,Non-Exercise
2118,29,Power Boat pose
2119,36,Seated Back Fly
2120,26,Non-Exercise
2121,26,Non-Exercise
2122,26,Non-Exercise
2123,26,Non-Exercise
2124,26,Non-Exercise
2125,26,Non-Exercise
2126,26,Non-Exercise
2127,26,Non-Exercise
2128,35,Russian Twist
2129,18,Jump Rope
2130,26,Non-Exercise
2131,26,Non-Exercise
2132,33,Rowing machine
2133,49,Static stretch
2134,18,Jump Rope
2135,8,Device on Table
2136,26,Non-Exercise
2137,26,Non-Exercise
2138,26,Non-Exercise
2139,29,Power Boat pose
2140,26,Non-Exercise
2141,60,Wall Squat
2142,26,Non-Exercise
2143,18,Jump Rope
2144,60,Wall Squat
2145,26,Non-Exercise
2146,26,Non-Exercise
2147,28,Plank
2148,26,Non-Exercise
2149,8,Device on Table
2150,4,Burpee
2151,26,Non-Exercise
2152,51,Triceps Kickback (knee on bench) (label spans both arms)
2153,26,Non-Exercise
2154,26,Non-Exercise
2155,18,Jump Rope
2156,26,Non-Exercise
2157,26,Non-Exercise
2158,34,Running (treadmill)
2159,8,Device on Table
2160,26,Non-Exercise
2161,28,Plank
2162,26,Non-Exercise
2163,26,Non-Exercise
2164,26,Non-Exercise
2165,26,Non-Exercise
2166,46,Squat Jump
2167,26,Non-Exercise
2168,9,Dip
2169,14,Dumbbell Squat (hands at side)
2170,44,Squat (hands behind head)
2171,46,Squat Jump
2172,26,Non-Exercise
2173,51,Triceps Kickback (knee on bench) (label spans both arms)
2174,26,Non-Exercise
2175,45,Squat (kettlebell / goblet)
2176,26,Non-Exercise
2177,26,Non-Exercise
2178,26,Non-Exercise
2179,26,Non-Exercise
2180,26,Non-Exercise
2181,54,Triceps extension (lying down)
2182,14,Dumbbell Squat (hands at side)
2183,26,Non-Exercise
2184,19,Jumping Jacks
2185,31,Pushups
2186,22,Lawnmower (left arm)
2187,41,Sit-ups
2188,39,Side Plank Right side
2189,24,"Lunge (alternating both legs, weight optional)"
2190,26,Non-Exercise
2191,38,Side Plank Left side
2192,30,Pushup (knee or foot variation)
2193,12,Dumbbell Row (knee on bench) (left arm)
2194,26,Non-Exercise
2195,55,"Two-arm Dumbbell Curl (both arms, not alternating)"
2196,32,Repetitive Stretching
2197,9,Dip
2198,26,Non-Exercise
2199,26,Non-Exercise
2200,26,Non-Exercise
2201,26,Non-Exercise
2202,18,Jump Rope
2203,26,Non-Exercise
2204,57,Walk
2205,26,Non-Exercise
2206,26,Non-Exercise
2207,47,Squat Rack Shoulder Press
2208,18,Jump Rope
2209,31,Pushups
2210,30,Pushup (knee or foot variation)
2211,60,Wall Squat
2212,42,Squat
2213,26,Non-Exercise
2214,26,Non-Exercise
2215,26,Non-Exercise
2216,6,Chest Press (rack)
2217,33,Rowing machine
2218,26,Non-Exercise
2219,26,Non-Exercise
2220,48,Static Stretch (at your own pace)
2221,42,Squat
2222,26,Non-Exercise
2223,46,Squat Jump
2224,55,"Two-arm Dumbbell Curl (both arms, not alternating)"
2225,45,Squat (kettlebell / goblet)
2226,50,Tap Right Device
2227,26,Non-Exercise
2228,26,Non-Exercise
2229,26,Non-Exercise
2230,26,Non-Exercise
2231,54,Triceps extension (lying down)
2232,55,"Two-arm Dumbbell Curl (both arms, not alternating)"
2233,26,Non-Exercise
2234,26,Non-Exercise
2235,26,Non-Exercise
2236,8,Device on Table
2237,26,Non-Exercise
2238,26,Non-Exercise
2239,18,Jump Rope
2240,26,Non-Exercise
2241,60,Wall Squat
2242,26,Non-Exercise
2243,8,Device on Table
2244,26,Non-Exercise
2245,26,Non-Exercise
2246,26,Non-Exercise
2247,57,Walk
2248,49,Static stretch
2249,0,Arm Band Adjustment
2250,26,Non-Exercise
2251,26,Non-Exercise
2252,40,Sit-up (hands positioned behind head)
2253,28,Plank
2254,26,Non-Exercise
2255,13,Dumbbell Row (knee on bench) (right arm)
2256,26,Non-Exercise
2257,44,Squat (hands behind head)
2258,28,Plank
2259,26,Non-Exercise
2260,13,Dumbbell Row (knee on bench) (right arm)
2261,26,Non-Exercise
2262,26,Non-Exercise
2263,26,Non-Exercise
2264,18,Jump Rope
2265,26,Non-Exercise
2266,12,Dumbbell Row (knee on bench) (left arm)
2267,29,Power Boat pose
2268,40,Sit-up (hands positioned behind head)
2269,13,Dumbbell Row (knee on bench) (right arm)
2270,26,Non-Exercise
2271,46,Squat Jump
2272,16,Elliptical machine
2273,2,Bicep Curl
2274,50,Tap Right Device
2275,47,Squat Rack Shoulder Press
2276,26,Non-Exercise
2277,26,Non-Exercise
2278,57,Walk
2279,26,Non-Exercise
2280,5,Butterfly Sit-up
2281,9,Dip
2282,5,Butterfly Sit-up
2283,26,Non-Exercise
2284,26,Non-Exercise
2285,26,Non-Exercise
2286,26,Non-Exercise
2287,28,Plank
2288,17,Fast Alternating Punches
2289,26,Non-Exercise
2290,20,Kettlebell Swing
2291,6,Chest Press (rack)
2292,5,Butterfly Sit-up
2293,26,Non-Exercise
2294,26,Non-Exercise
2295,26,Non-Exercise
2296,26,Non-Exercise
2297,9,Dip
2298,26,Non-Exercise
2299,38,Side Plank Left side
2300,5,Butterfly Sit-up
2301,26,Non-Exercise
2302,26,Non-Exercise
2303,56,V-up
2304,26,Non-Exercise
2305,26,Non-Exercise
2306,29,Power Boat pose
2307,26,Non-Exercise
2308,40,Sit-up (hands positioned behind head)
2309,26,Non-Exercise
2310,8,Device on Table
2311,26,Non-Exercise
2312,26,Non-Exercise
2313,16,Elliptical machine
2314,26,Non-Exercise
2315,26,Non-Exercise
2316,26,Non-Exercise
2317,26,Non-Exercise
2318,48,Static Stretch (at your own pace)
2319,55,"Two-arm Dumbbell Curl (both arms, not alternating)"
2320,26,Non-Exercise
2321,58,Walking lunge
2322,26,Non-Exercise
2323,16,Elliptical machine
2324,0,Arm Band Adjustment
2325,26,Non-Exercise
2326,29,Power Boat pose
2327,49,Static stretch
2328,44,Squat (hands behind head)
2329,26,Non-Exercise
2330,53,Triceps Kickback (knee on bench) (right arm)
2331,4,Burpee
2332,26,Non-Exercise
2333,26,Non-Exercise
2334,24,"Lunge (alternating both legs, weight optional)"
2335,55,"Two-arm Dumbbell Curl (both arms, not alternating)"
2336,28,Plank
2337,28,Plank
2338,18,Jump Rope
2339,6,Chest Press (rack)
2340,26,Non-Exercise
2341,15,Dynamic Stretch (at your own pace)
2342,11,Dumbbell Row (knee on bench) (label spans both arms)
2343,10,Dumbbell Deadlift Row
2344,26,Non-Exercise
2345,26,Non-Exercise
2346,40,Sit-up (hands positioned behind head)
2347,12,Dumbbell Row (knee on bench) (left arm)
2348,26,Non-Exercise
2349,27,Overhead Triceps Extension
2350,43,"Squat (arms in front of body, parallel to ground)"
2351,26,Non-Exercise
2352,19,Jumping Jacks
2353,43,"Squat (arms in front of body, parallel to ground)"
2354,26,Non-Exercise
2355,20,Kettlebell Swing
2356,26,Non-Exercise
2357,26,Non-Exercise
2358,26,Non-Exercise
2359,28,Plank
2360,12,Dumbbell Row (knee on bench) (left arm)
2361,8,Device on Table
2362,4,Burpee
2363,26,Non-Exercise
2364,15,Dynamic Stretch (at your own pace)
2365,26,Non-Exercise
2366,49,Static stretch
2367,26,Non-Exercise
2368,9,Dip
2369,4,Burpee
2370,26,Non-Exercise
2371,26,Non-Exercise
2372,37,Shoulder Press (dumbbell)
2373,10,Dumbbell Deadlift Row
2374,26,Non-Exercise
2375,26,Non-Exercise
2376,43,"Squat (arms in front of body, parallel to ground)"
2377,26,Non-Exercise
2378,20,Kettlebell Swing
2379,26,Non-Exercise
2380,3,Biceps Curl (band)
2381,26,Non-Exercise
2382,9,Dip
2383,60,Wall Squat
2384,26,Non-Exercise
2385,45,Squat (kettlebell / goblet)
2386,26,Non-Exercise
2387,11,Dumbbell Row (knee on bench) (label spans both arms)
2388,26,Non-Exercise
2389,59,Wall Ball
2390,26,Non-Exercise
2391,26,Non-Exercise
2392,26,Non-Exercise
2393,26,Non-Exercise
2394,32,Repetitive Stretching
2395,26,Non-Exercise
2396,56,V-up
2397,26,Non-Exercise
2398,26,Non-Exercise
2399,26,Non-Exercise
2400,26,Non-Exercise
2401,26,Non-Exercise
2402,29,Power Boat pose
2403,26,Non-Exercise
2404,26,Non-Exercise
2405,48,Static Stretch (at your own pace)
2406,2,Bicep Curl
2407,17,Fast Alternating Punches
2408,60,Wall Squat
2409,10,Dumbbell Deadlift Row
2410,26,Non-Exercise
2411,26,Non-Exercise
2412,26,Non-Exercise
2413,26,Non-Exercise
2414,18,Jump Rope
2415,26,Non-Exercise
2416,45,Squat (kettlebell / goblet)
2417,24,"Lunge (alternating both legs, weight optional)"
2418,8,Device on Table
2419,26,Non-Exercise
2420,8,Device on Table
2421,56,V-up
2422,26,Non-Exercise
2423,30,Pushup (knee or foot variation)
2424,26,Non-Exercise
2425,9,Dip
2426,26,Non-Exercise
2427,33,Rowing machine
2428,48,Static Stretch (at your own pace)
2429,26,Non-Exercise
2430,26,Non-Exercise
2431,26,Non-Exercise
2432,26,Non-Exercise
2433,20,Kettlebell Swing
2434,55,"Two-arm Dumbbell Curl (both arms, not alternating)"
2435,43,"Squat (arms in front of body, parallel to ground)"
2436,26,Non-Exercise
2437,26,Non-Exercise
2438,41,Sit-ups
2439,26,Non-Exercise
2440,35,Russian Twist
2441,26,Non-Exercise
2442,16,Elliptical machine
2443,18,Jump Rope
2444,26,Non-Exercise
2445,11,Dumbbell Row (knee on bench) (label spans both arms)
2446,26,Non-Exercise
2447,20,Kettlebell Swing
2448,59,Wall Ball
2449,8,Device on Table
2450,26,Non-Exercise
2451,26,Non-Exercise
2452,42,Squat
2453,26,Non-Exercise
2454,26,Non-Exercise
2455,50,Tap Right Device
2456,26,Non-Exercise
2457,51,Triceps Kickback (knee on bench) (label spans both arms)
2458,48,Static Stretch (at your own pace)
2459,26,Non-Exercise
2460,26,Non-Exercise
2461,19,Jumping Jacks
2462,26,Non-Exercise
2463,3,Biceps Curl (band)
2464,26,Non-Exercise
2465,36,Seated Back Fly
2466,26,Non-Exercise
2467,56,V-up
2468,9,Dip
2469,26,Non-Exercise
2470,52,Triceps Kickback (knee on bench) (left arm)
2471,31,Pushups
2472,26,Non-Exercise
2473,4,Burpee
2474,26,Non-Exercise
2475,57,Walk
2476,36,Seated Back Fly
2477,42,Squat
2478,27,Overhead Triceps Extension
2479,26,Non-Exercise
2480,40,Sit-up (hands positioned behind head)
2481,26,Non-Exercise
2482,26,Non-Exercise
2483,26,Non-Exercise
2484,8,Device on Table
2485,60,Wall Squat
2486,26,Non-Exercise
2487,26,Non-Exercise
2488,26,Non-Exercise
2489,60,Wall Squat
2490,8,Device on Table
2491,43,"Squat (arms in front of body, parallel to ground)"
2492,26,Non-Exercise
2493,8,Device on Table
2494,31,Pushups
2495,26,Non-Exercise
2496,26,Non-Exercise
2497,26,Non-Exercise
2498,17,Fast Alternating Punches
2499,26,Non-Exercise
2500,7,Crunch
2501,26,Non-Exercise
2502,26,Non-Exercise
2503,25,Medicine Ball Slam
2504,18,Jump Rope
2505,26,Non-Exercise
2506,45,Squat (kettlebell / goblet)
2507,26,Non-Exercise
2508,26,Non-Exercise
2509,26,Non-Exercise
2510,50,Tap Right Device
2511,57,Walk
2512,26,Non-Exercise
2513,56,V-up
2514,26,Non-Exercise
2515,26,Non-Exercise
2516,26,Non-Exercise
2517,0,Arm Band Adjustment
2518,26,Non-Exercise
2519,0,Arm Band Adjustment
2520,10,Dumbbell Deadlift Row
2521,37,Shoulder Press (dumbbell)
2522,59,Wall Ball
2523,4,Burpee
2524,26,Non-Exercise
2525,26,Non-Exercise
2526,43,"Squat (arms in front of body, parallel to ground)"
2527,27,Overhead Triceps Extension
2528,26,Non-Exercise
2529,40,Sit-up (hands positioned behind head)
2530,32,Repetitive Stretching
2531,26,Non-Exercise
2532,26,Non-Exercise
2533,26,Non-Exercise
2534,11,Dumbbell Row (knee on bench) (label spans both arms)
2535,26,Non-Exercise
2536,27,Overhead Triceps Extension
2537,44,Squat (hands behind head)
2538,35,Russian Twist
2539,4,Burpee
2540,12,Dumbbell Row (knee on bench) (left arm)
2541,22,Lawnmower (left arm)
2542,26,Non-Exercise
2543,34,Running (treadmill)
2544,50,Tap Right Device
2545,11,Dumbbell Row (knee on bench) (label spans both arms)
2546,26,Non-Exercise
2547,43,"Squat (arms in front of body, parallel to ground)"
2548,26,Non-Exercise
2549,51,Triceps Kickback (knee on bench) (label spans both arms)
2550,26,Non-Exercise
2551,26,Non-Exercise
2552,26,Non-Exercise
2553,26,Non-Exercise
2554,24,"Lunge (alternating both legs, weight optional)"
2555,34,Running (treadmill)
2556,26,Non-Exercise
2557,27,Overhead Triceps Extension
2558,26,Non-Exercise
2559,19,Jumping Jacks
2560,26,Non-Exercise
2561,26,Non-Exercise
2562,26,Non-Exercise
2563,26,Non-Exercise
2564,50,Tap Right Device
2565,20,Kettlebell Swing
2566,26,Non-Exercise
2567,26,Non-Exercise
2568,8,Device on Table
2569,26,Non-Exercise
2570,33,Rowing machine
2571,40,Sit-up (hands positioned behind head)
2572,41,Sit-ups
2573,44,Squat (hands behind head)
2574,26,Non-Exercise
2575,2,Bicep Curl
2576,26,Non-Exercise
2577,26,Non-Exercise
2578,26,Non-Exercise
2579,26,Non-Exercise
2580,26,Non-Exercise
2581,26,Non-Exercise
2582,26,Non-Exercise
2583,26,Non-Exercise
2584,26,Non-Exercise
2585,45,Squat (kettlebell / goblet)
2586,0,Arm Band Adjustment
2587,26,Non-Exercise
2588,26,Non-Exercise
2589,26,Non-Exercise
2590,26,Non-Exercise
2591,26,Non-Exercise
2592,5,Butterfly Sit-up
2593,19,Jumping Jacks
2594,26,Non-Exercise
2595,26,Non-Exercise
2596,26,Non-Exercise
2597,27,Overhead Triceps Extension
2598,26,Non-Exercise
2599,35,Russian Twist
2600,26,Non-Exercise
2601,26,Non-Exercise
2602,26,Non-Exercise
2603,24,"Lunge (alternating both legs, weight optional)"
2604,28,Plank
2605,26,Non-Exercise
2606,26,Non-Exercise
2607,4,Burpee
2608,26,Non-Exercise
2609,15,Dynamic Stretch (at your own pace)
2610,32,Repetitive Stretching
2611,6,Chest Press (rack)
2612,60,Wall Squat
2613,20,Kettlebell Swing
2614,6,Chest Press (rack)
2615,1,Band Pull-Down Row
2616,36,Seated Back Fly
2617,26,Non-Exercise
2618,26,Non-Exercise
2619,26,Non-Exercise
2620,8,Device on Table
2621,35,Russian Twist
2622,28,Plank
2623,26,Non-Exercise
2624,5,Butterfly Sit-up
2625,26,Non-Exercise
2626,53,Triceps Kickback (knee on bench) (right arm)
2627,26,Non-Exercise
2628,26,Non-Exercise
2629,11,Dumbbell Row (knee on bench) (label spans both arms)
2630,26,Non-Exercise
2631,26,Non-Exercise
2632,26,Non-Exercise
2633,28,Plank
2634,26,Non-Exercise
2635,26,Non-Exercise
2636,26,Non-Exercise
2637,3,Biceps Curl (band)
2638,3,Biceps Curl (band)
2639,12,Dumbbell Row (knee on bench) (left arm)
2640,26,Non-Exercise
2641,37,Shoulder Press (dumbbell)
2642,26,Non-Exercise
2643,58,Walking lunge
2644,26,Non-Exercise
2645,48,Static Stretch (at your own pace)
2646,56,V-up
2647,49,Static stretch
2648,26,Non-Exercise
2649,4,Burpee
2650,38,Side Plank Left side
2651,26,Non-Exercise
2652,8,Device on Table
2653,26,Non-Exercise
2654,26,Non-Exercise
2655,6,Chest Press (rack)
2656,26,Non-Exercise
2657,39,Side Plank Right side
2658,29,Power Boat pose
2659,26,Non-Exercise
2660,15,Dynamic Stretch (at your own pace)
2661,26,Non-Exercise
2662,7,Crunch
2663,4,Burpee
2664,26,Non-Exercise
2665,55,"Two-arm Dumbbell Curl (both arms, not alternating)"
2666,26,Non-Exercise
2667,8,Device on Table
2668,10,Dumbbell Deadlift Row
2669,8,Device on Table
2670,26,Non-Exercise
2671,8,Device on Table
2672,58,Walking lunge
2673,46,Squat Jump
2674,26,Non-Exercise
2675,26,Non-Exercise
2676,26,Non-Exercise
2677,26,Non-Exercise
2678,26,Non-Exercise
2679,34,Running (treadmill)
2680,26,Non-Exercise
2681,44,Squat (hands behind head)
2682,29,Power Boat pose
2683,26,Non-Exercise
2684,26,Non-Exercise
2685,43,"Squat (arms in front of body, parallel to ground)"
2686,18,Jump Rope
2687,26,Non-Exercise
2688,26,Non-Exercise
2689,9,Dip
2690,26,Non-Exercise
2691,34,Running (treadmill)
2692,18,Jump Rope
2693,50,Tap Right Device
2694,20,Kettlebell Swing
2695,26,Non-Exercise
2696,26,Non-Exercise
2697,26,Non-Exercise
2698,14,Dumbbell Squat (hands at side)
2699,26,Non-Exercise
2700,26,Non-Exercise
2701,26,Non-Exercise
2702,26,Non-Exercise
2703,7,Crunch
2704,26,Non-Exercise
2705,28,Plank
2706,26,Non-Exercise
2707,26,Non-Exercise
2708,26,Non-Exercise
2709,43,"Squat (arms in front of body, parallel to ground)"
2710,47,Squat Rack Shoulder Press
2711,26,Non-Exercise
2712,45,Squat (kettlebell / goblet)
2713,33,Rowing machine
2714,37,Shoulder Press (dumbbell)
2715,26,Non-Exercise
2716,47,Squat Rack Shoulder Press
2717,26,Non-Exercise
2718,56,V-up
2719,26,Non-Exercise
2720,26,Non-Exercise
2721,26,Non-Exercise
2722,47,Squat Rack Shoulder Press
2723,26,Non-Exercise
2724,26,Non-Exercise
2725,26,Non-Exercise
2726,26,Non-Exercise
2727,20,Kettlebell Swing
2728,51,Triceps Kickback (knee on bench) (label spans both arms)
2729,38,Side Plank Left side
2730,26,Non-Exercise
2731,26,Non-Exercise
2732,26,Non-Exercise
2733,26,Non-Exercise
2734,60,Wall Squat
2735,26,Non-Exercise
2736,26,Non-Exercise
2737,18,Jump Rope
2738,20,Kettlebell Swing
2739,4,Burpee
2740,26,Non-Exercise
2741,26,Non-Exercise
2742,26,Non-Exercise
2743,26,Non-Exercise
2744,26,Non-Exercise
2745,15,Dynamic Stretch (at your own pace)
2746,26,Non-Exercise
2747,26,Non-Exercise
2748,8,Device on Table
2749,5,Butterfly Sit-up
2750,26,Non-Exercise
2751,58,Walking lunge
2752,30,Pushup (knee or foot variation)
2753,28,Plank
2754,8,Device on Table
2755,26,Non-Exercise
2756,37,Shoulder Press (dumbbell)
2757,14,Dumbbell Squat (hands at side)
2758,26,Non-Exercise
2759,24,"Lunge (alternating both legs, weight optional)"
2760,26,Non-Exercise
2761,9,Dip
2762,41,Sit-ups
2763,26,Non-Exercise
2764,13,Dumbbell Row (knee on bench) (right arm)
2765,49,Static stretch
2766,8,Device on Table
2767,26,Non-Exercise
2768,26,Non-Exercise
2769,26,Non-Exercise
2770,26,Non-Exercise
2771,26,Non-Exercise
2772,15,Dynamic Stretch (at your own pace)
2773,26,Non-Exercise
2774,26,Non-Exercise
2775,8,Device on Table
2776,7,Crunch
2777,26,Non-Exercise
2778,8,Device on Table
2779,26,Non-Exercise
2780,26,Non-Exercise
2781,37,Shoulder Press (dumbbell)
2782,37,Shoulder Press (dumbbell)
2783,21,Lateral Raise
2784,26,Non-Exercise
2785,42,Squat
2786,26,Non-Exercise
2787,26,Non-Exercise
2788,26,Non-Exercise
2789,26,Non-Exercise
2790,26,Non-Exercise
2791,56,V-up
2792,26,Non-Exercise
2793,26,Non-Exercise
2794,55,"Two-arm Dumbbell Curl (both arms, not alternating)"
2795,26,Non-Exercise
2796,26,Non-Exercise
2797,26,Non-Exercise
2798,40,Sit-up (hands positioned behind head)
2799,42,Squat
2800,26,Non-Exercise
2801,51,Triceps Kickback (knee on bench) (label spans both arms)
2802,26,Non-Exercise
2803,5,Butterfly Sit-up
2804,13,Dumbbell Row (knee on bench) (right arm)
2805,3,Biceps Curl (band)
2806,31,Pushups
2807,18,Jump Rope
2808,26,Non-Exercise
2809,26,Non-Exercise
2810,26,Non-Exercise
2811,41,Sit-ups
2812,24,"Lunge (alternating both legs, weight optional)"
2813,7,Crunch
2814,26,Non-Exercise
2815,26,Non-Exercise
2816,26,Non-Exercise
2817,26,Non-Exercise
2818,26,Non-Exercise
2819,52,Triceps Kickback (knee on bench) (left arm)
2820,33,Rowing machine
2821,26,Non-Exercise
2822,26,Non-Exercise
2823,26,Non-Exercise
2824,10,Dumbbell Deadlift Row
2825,44,Squat (hands behind head)
2826,17,Fast Alternating Punches
2827,26,Non-Exercise
2828,26,Non-Exercise
2829,38,Side Plank Left side
2830,50,Tap Right Device
2831,26,Non-Exercise
2832,26,Non-Exercise
2833,26,Non-Exercise
2834,26,Non-Exercise
2835,26,Non-Exercise
2836,49,Static stretch
2837,26,Non-Exercise
2838,8,Device on Table
2839,26,Non-Exercise
2840,27,Overhead Triceps Extension
2841,26,Non-Exercise
2842,4,Burpee
2843,26,Non-Exercise
2844,9,Dip
2845,26,Non-Exercise
2846,47,Squat Rack Shoulder Press
2847,26,Non-Exercise
2848,26,Non-Exercise
2849,16,Elliptical machine
2850,19,Jumping Jacks
2851,26,Non-Exercise
2852,31,Pushups
2853,16,Elliptical machine
2854,42,Squat
2855,51,Triceps Kickback (knee on bench) (label spans both arms)
2856,26,Non-Exercise
2857,26,Non-Exercise
2858,26,Non-Exercise
2859,26,Non-Exercise
2860,26,Non-Exercise
2861,26,Non-Exercise
2862,26,Non-Exercise
2863,26,Non-Exercise
2864,26,Non-Exercise
2865,33,Rowing machine
2866,26,Non-Exercise
2867,26,Non-Exercise
2868,26,Non-Exercise
2869,26,Non-Exercise
2870,26,Non-Exercise
2871,26,Non-Exercise
2872,26,Non-Exercise
2873,26,Non-Exercise
2874,1,Band Pull-Down Row
2875,26,Non-Exercise
2876,59,Wall Ball
2877,13,Dumbbell Row (knee on bench) (right arm)
2878,57,Walk
2879,13,Dumbbell Row (knee on bench) (right arm)
2880,26,Non-Exercise
2881,26,Non-Exercise
2882,26,Non-Exercise
2883,26,Non-Exercise
2884,24,"Lunge (alternating both legs, weight optional)"
2885,26,Non-Exercise
2886,26,Non-Exercise
2887,26,Non-Exercise
2888,3,Biceps Curl (band)
2889,43,"Squat (arms in front of body, parallel to ground)"
2890,26,Non-Exercise
2891,26,Non-Exercise
2892,26,Non-Exercise
2893,26,Non-Exercise
2894,26,Non-Exercise
2895,26,Non-Exercise
2896,26,Non-Exercise
2897,26,Non-Exercise
2898,28,Plank
2899,22,Lawnmower (left arm)
2900,26,Non-Exercise
2901,60,Wall Squat
2902,14,Dumbbell Squat (hands at side)
2903,34,Running (treadmill)
2904,26,Non-Exercise
2905,26,Non-Exercise
2906,16,Elliptical machine
2907,26,Non-Exercise
2908,24,"Lunge (alternating both legs, weight optional)"
2909,33,Rowing machine
2910,26,Non-Exercise
2911,26,Non-Exercise
2912,26,Non-Exercise
2913,26,Non-Exercise
2914,41,Sit-ups
2915,39,Side Plank Right side
2916,26,Non-Exercise
2917,26,Non-Exercise
2918,26,Non-Exercise
2919,26,Non-Exercise
2920,18,Jump Rope
2921,43,"Squat (arms in front of body, parallel to ground)"
2922,26,Non-Exercise
2923,26,Non-Exercise
2924,22,Lawnmower (left arm)
2925,53,Triceps Kickback (knee on bench) (right arm)
2926,35,Russian Twist
2927,45,Squat (kettlebell / goblet)
2928,26,Non-Exercise
2929,55,"Two-arm Dumbbell Curl (both arms, not alternating)"
2930,26,Non-Exercise
2931,26,Non-Exercise
2932,26,Non-Exercise
2933,26,Non-Exercise
2934,48,Static Stretch (at your own pace)
2935,2,Bicep Curl
2936,35,Russian Twist
2937,26,Non-Exercise
2938,9,Dip
2939,3,Biceps Curl (band)
2940,44,Squat (hands behind head)
2941,48,Static Stretch (at your own pace)
2942,26,Non-Exercise
2943,21,Lateral Raise
2944,26,Non-Exercise
2945,26,Non-Exercise
2946,55,"Two-arm Dumbbell Curl (both arms, not alternating)"
2947,17,Fast Alternating Punches
2948,21,Lateral Raise
2949,0,Arm Band Adjustment
2950,26,Non-Exercise
2951,7,Crunch
2952,35,Russian Twist
2953,7,Crunch
2954,26,Non-Exercise
2955,26,Non-Exercise
2956,12,Dumbbell Row (knee on bench) (left arm)
2957,26,Non-Exercise
2958,26,Non-Exercise
2959,26,Non-Exercise
2960,8,Device on Table
2961,26,Non-Exercise
2962,1,Band Pull-Down Row
2963,55,"Two-arm Dumbbell Curl (both arms, not alternating)"
2964,38,Side Plank Left side
2965,21,Lateral Raise
2966,26,Non-Exercise
2967,58,Walking lunge
2968,17,Fast Alternating Punches
2969,36,Seated Back Fly
2970,26,Non-Exercise
2971,26,Non-Exercise
2972,26,Non-Exercise
2973,26,Non-Exercise
2974,26,Non-Exercise
2975,26,Non-Exercise
2976,26,Non-Exercise
2977,26,Non-Exercise
2978,35,Russian Twist
2979,36,Seated Back Fly
2980,11,Dumbbell Row (knee on bench) (label spans both arms)
2981,43,"Squat (arms in front of body, parallel to ground)"
2982,18,Jump Rope
2983,26,Non-Exercise
2984,50,Tap Right Device
2985,43,"Squat (arms in front of body, parallel to ground)"
2986,26,Non-Exercise
2987,55,"Two-arm Dumbbell Curl (both arms, not alternating)"
2988,26,Non-Exercise
2989,8,Device on Table
2990,54,Triceps extension (lying down)
2991,35,Russian Twist
2992,26,Non-Exercise
2993,26,Non-Exercise
2994,30,Pushup (knee or foot variation)
2995,27,Overhead Triceps Extension
2996,8,Device on Table
2997,60,Wall Squat
2998,55,"Two-arm Dumbbell Curl (both arms, not alternating)"
2999,26,Non-Exercise
3000,26,Non-Exercise
3001,28,Plank
3002,26,Non-Exercise
3003,26,Non-Exercise
3004,57,Walk
3005,26,Non-Exercise
3006,26,Non-Exercise
3007,4,Burpee
3008,23,Lawnmower (right arm)
3009,37,Shoulder Press (dumbbell)
3010,26,Non-Exercise
3011,26,Non-Exercise
3012,30,Pushup (knee or foot variation)
3013,26,Non-Exercise
3014,47,Squat Rack Shoulder Press
3015,26,Non-Exercise
3016,26,Non-Exercise
3017,26,Non-Exercise
3018,26,Non-Exercise
3019,53,Triceps Kickback (knee on bench) (right arm)
3020,47,Squat Rack Shoulder Press
3021,26,Non-Exercise
3022,26,Non-Exercise
3023,3,Biceps Curl (band)
3024,26,Non-Exercise
3025,24,"Lunge (alternating both legs, weight optional)"
3026,41,Sit-ups
3027,27,Overhead Triceps Extension
3028,60,Wall Squat
3029,26,Non-Exercise
3030,11,Dumbbell Row (knee on bench) (label spans both arms)
3031,14,Dumbbell Squat (hands at side)
3032,26,Non-Exercise
3033,56,V-up
3034,35,Russian Twist
3035,18,Jump Rope
3036,26,Non-Exercise
3037,47,Squat Rack Shoulder Press
3038,45,Squat (kettlebell / goblet)
3039,29,Power Boat pose
3040,26,Non-Exercise
3041,26,Non-Exercise
3042,36,Seated Back Fly
3043,56,V-up
3044,23,Lawnmower (right arm)
3045,23,Lawnmower (right arm)
3046,60,Wall Squat
3047,17,Fast Alternating Punches
3048,26,Non-Exercise
3049,8,Device on Table
3050,50,Tap Right Device
3051,26,Non-Exercise
3052,27,Overhead Triceps Extension
3053,37,Shoulder Press (dumbbell)
3054,8,Device on Table
3055,26,Non-Exercise
3056,18,Jump Rope
3057,32,Repetitive Stretching
3058,9,Dip
3059,47,Squat Rack Shoulder Press
3060,9,Dip
3061,27,Overhead Triceps Extension
3062,26,Non-Exercise
3063,25,Medicine Ball Slam
3064,8,Device on Table
3065,15,Dynamic Stretch (at your own pace)
3066,20,Kettlebell Swing
3067,31,Pushups
3068,26,Non-Exercise
3069,26,Non-Exercise
3070,30,Pushup (knee or foot variation)
3071,46,Squat Jump
3072,29,Power Boat pose
3073,27,Overhead Triceps Extension
3074,26,Non-Exercise
3075,18,Jump Rope
3076,18,Jump Rope
3077,26,Non-Exercise
3078,26,Non-Exercise
3079,53,Triceps Kickback (knee on bench) (right arm)
3080,59,Wall Ball
3081,26,Non-Exercise
3082,26,Non-Exercise
3083,26,Non-Exercise
3084,47,Squat Rack Shoulder Press
3085,26,Non-Exercise
3086,60,Wall Squat
3087,28,Plank
3088,19,Jumping Jacks
3089,15,Dynamic Stretch (at your own pace)
3090,56,V-up
3091,16,Elliptical machine
3092,18,Jump Rope
3093,26,Non-Exercise
3094,26,Non-Exercise
3095,43,"Squat (arms in front of body, parallel to ground)"
3096,26,Non-Exercise
3097,26,Non-Exercise
3098,26,Non-Exercise
3099,28,Plank
3100,26,Non-Exercise
3101,0,Arm Band Adjustment
3102,55,"Two-arm Dumbbell Curl (both arms, not alternating)"
3103,8,Device on Table
3104,60,Wall Squat
3105,26,Non-Exercise
3106,26,Non-Exercise
3107,26,Non-Exercise
3108,2,Bicep Curl
3109,19,Jumping Jacks
3110,17,Fast Alternating Punches
3111,58,Walking lunge
3112,26,Non-Exercise
3113,26,Non-Exercise
3114,26,Non-Exercise
3115,22,Lawnmower (left arm)
3116,26,Non-Exercise
3117,60,Wall Squat
3118,53,Triceps Kickback (knee on bench) (right arm)
3119,17,Fast Alternating Punches
3120,26,Non-Exercise
3121,26,Non-Exercise
3122,15,Dynamic Stretch (at your own pace)
3123,26,Non-Exercise
3124,2,Bicep Curl
